frame,track_id,conf,cx,cy,x1,y1,x2,y2
0,1,0.8739348649978638,137.44422912597656,479.691162109375,113.61727905273438,363.46612548828125,161.27117919921875,479.691162109375
0,2,0.8539795875549316,379.21844482421875,479.8095703125,347.48876953125,425.623046875,410.9481201171875,479.8095703125
0,3,0.8028322458267212,392.3092041015625,413.36968994140625,371.80072021484375,297.245361328125,412.81768798828125,413.36968994140625
0,4,0.774863064289093,149.25210571289062,278.7763671875,133.03375244140625,186.46658325195312,165.470458984375,278.7763671875
0,5,0.7699607610702515,325.2122497558594,348.97735595703125,304.4735107421875,240.133544921875,345.95098876953125,348.97735595703125
0,6,0.7538918256759644,141.48223876953125,334.0386657714844,124.66336059570312,231.00119018554688,158.30111694335938,334.0386657714844
0,7,0.7186555862426758,571.753662109375,407.44439697265625,555.5552368164062,290.73431396484375,587.9520874023438,407.44439697265625
0,8,0.7126052379608154,214.871337890625,265.0382995605469,198.44451904296875,212.99356079101562,231.29815673828125,265.0382995605469
0,9,0.6763857007026672,560.6537475585938,216.39659118652344,540.183349609375,126.70069885253906,581.1241455078125,216.39659118652344
0,10,0.6402157545089722,55.02183532714844,317.8533020019531,36.044921875,220.10214233398438,73.99874877929688,317.8533020019531
0,11,0.5841028690338135,324.08660888671875,479.81988525390625,298.0390319824219,442.79534912109375,350.1341857910156,479.81988525390625
0,12,0.5569799542427063,19.10692024230957,317.6142272949219,0.03844806179404259,207.64102172851562,38.175392150878906,317.6142272949219
0,13,0.48048749566078186,528.2040405273438,187.574462890625,512.049072265625,105.61737060546875,544.3590087890625,187.574462890625
0,14,0.4591341018676758,528.36181640625,472.42144775390625,504.9194030761719,347.04296875,551.80419921875,472.42144775390625
0,15,0.4274292588233948,250.68594360351562,264.55438232421875,228.6507568359375,215.44580078125,272.72113037109375,264.55438232421875
0,16,0.41127756237983704,174.89361572265625,121.33366394042969,163.58865356445312,63.364166259765625,186.19857788085938,121.33366394042969
0,17,0.39136049151420593,190.9046630859375,119.90821075439453,181.9332275390625,60.835609436035156,199.8760986328125,119.90821075439453
0,18,0.3587770462036133,527.4471435546875,387.12835693359375,504.98370361328125,312.45404052734375,549.9105834960938,387.12835693359375
1,1,0.8816295266151428,128.82711791992188,479.7357482910156,103.27635192871094,354.86492919921875,154.37786865234375,479.7357482910156
1,2,0.8342962265014648,367.81475830078125,479.6875915527344,320.3530578613281,398.17413330078125,415.27642822265625,479.6875915527344
1,5,0.6824740767478943,318.76129150390625,375.561767578125,298.2265930175781,267.54022216796875,339.2959899902344,375.561767578125
1,7,0.6582919955253601,573.7147216796875,445.6036071777344,556.7459716796875,323.92376708984375,590.6834716796875,445.6036071777344
1,8,0.5937901139259338,221.40350341796875,265.0722961425781,205.57948303222656,215.0460662841797,237.22752380371094,265.0722961425781
1,9,0.7014509439468384,561.0678100585938,216.54147338867188,540.6365356445312,127.04268646240234,581.4990844726562,216.54147338867188
1,10,0.7479320168495178,54.398345947265625,298.2125549316406,33.97089385986328,192.6892852783203,74.82579803466797,298.2125549316406
1,14,0.3895704448223114,531.7971801757812,467.9352722167969,511.42584228515625,359.9931335449219,552.1685180664062,467.9352722167969
1,15,0.3585931956768036,252.81417846679688,263.8421325683594,230.47422790527344,213.99598693847656,275.1541442871094,263.8421325683594
1,16,0.3779125511646271,172.2236328125,115.29952239990234,161.25424194335938,58.89423751831055,183.19300842285156,115.29952239990234
2,1,0.8452281355857849,140.5745391845703,479.7461242675781,114.46550750732422,351.761474609375,166.68356323242188,479.7461242675781
2,7,0.6650407314300537,567.9752197265625,473.8572692871094,552.4263916015625,364.2156066894531,583.5240478515625,473.8572692871094
2,8,0.49489179253578186,223.03945922851562,264.7159729003906,207.75637817382812,216.57748413085938,238.32252502441406,264.7159729003906
2,9,0.6039349436759949,560.9398193359375,216.65013122558594,540.8128051757812,128.59930419921875,581.06689453125,216.65013122558594
2,14,0.828162431716919,519.8192138671875,477.4609680175781,505.3866882324219,403.35943603515625,534.251708984375,477.4609680175781
2,15,0.5198318958282471,245.7742462158203,263.8011474609375,219.06338500976562,203.4770965576172,272.485107421875,263.8011474609375
2,19,0.7864946722984314,413.67413330078125,472.3346862792969,378.8379821777344,355.9672546386719,448.51025390625,472.3346862792969
2,22,0.7353723645210266,82.23550415039062,274.3033447265625,62.62519073486328,173.8692626953125,101.8458251953125,274.3033447265625
2,24,0.5661005973815918,156.81044006347656,110.18357849121094,144.6044158935547,55.45878982543945,169.01646423339844,110.18357849121094
2,25,0.590929388999939,379.203369140625,334.7286071777344,359.2977600097656,232.71255493164062,399.1090087890625,334.7286071777344
2,13,0.4844760596752167,529.05712890625,191.60694885253906,513.4133911132812,111.98959350585938,544.7008056640625,191.60694885253906
3,1,0.8700621128082275,141.49160766601562,479.7724914550781,116.4999771118164,357.8529357910156,166.4832305908203,479.7724914550781
3,8,0.6008254289627075,223.09182739257812,264.4649353027344,207.50390625,215.38465881347656,238.6797332763672,264.4649353027344
3,9,0.5632672309875488,561.9838256835938,216.7035369873047,541.1619873046875,125.49069213867188,582.8056640625,216.7035369873047
3,30,0.6202457547187805,329.54925537109375,352.2138671875,314.2017822265625,241.69749450683594,344.8967590332031,352.2138671875
3,33,0.5890422463417053,477.211181640625,97.55461883544922,466.488037109375,47.092655181884766,487.934326171875,97.55461883544922
3,4,0.8658744096755981,139.7383575439453,250.68067932128906,123.60245513916016,159.21041870117188,155.87425231933594,250.68067932128906
4,1,0.8724241852760315,137.824462890625,479.69091796875,115.89313507080078,373.5583190917969,159.75579833984375,479.69091796875
4,8,0.723594605922699,224.23326110839844,264.62152099609375,208.3927764892578,214.9805450439453,240.07374572753906,264.62152099609375
4,9,0.7188148498535156,561.9725341796875,216.62423706054688,541.4297485351562,126.83939361572266,582.5152587890625,216.62423706054688
4,30,0.560026228427887,334.03228759765625,357.5581970214844,317.58984375,239.3127899169922,350.4747009277344,357.5581970214844
4,33,0.7315152883529663,472.74041748046875,96.1891098022461,461.703369140625,44.050506591796875,483.7774963378906,96.1891098022461
4,45,0.7340655326843262,146.06561279296875,97.3111572265625,139.21055603027344,48.28022766113281,152.92068481445312,97.3111572265625
4,4,0.8320230841636658,132.34353637695312,229.12168884277344,116.1540298461914,137.45626831054688,148.5330352783203,229.12168884277344
4,18,0.9034349918365479,527.9454956054688,389.8622131347656,491.4609069824219,266.52252197265625,564.4301147460938,389.8622131347656
4,25,0.4924468696117401,369.4401550292969,344.24908447265625,350.7499694824219,248.07322692871094,388.1303405761719,344.24908447265625
5,1,0.7965472340583801,137.2425079345703,479.68902587890625,116.98750305175781,383.0434265136719,157.4975128173828,479.68902587890625
5,8,0.7200276851654053,224.099853515625,264.869873046875,208.44442749023438,216.12313842773438,239.7552947998047,264.869873046875
5,9,0.7034958004951477,561.6287841796875,216.62631225585938,541.255615234375,127.77240753173828,582.0018920898438,216.62631225585938
5,30,0.5527094602584839,336.4400634765625,367.3614196777344,319.798095703125,248.33535766601562,353.0820007324219,367.3614196777344
5,33,0.5998519062995911,471.4586486816406,93.81625366210938,460.4385986328125,41.3967170715332,482.47869873046875,93.81625366210938
5,49,0.7388776540756226,485.09814453125,362.7379150390625,458.8741760253906,254.70877075195312,511.32208251953125,362.7379150390625
5,18,0.8657180666923523,532.134521484375,371.9330749511719,495.68292236328125,247.28965759277344,568.586181640625,371.9330749511719
5,25,0.5723928809165955,368.9656677246094,354.1454162597656,347.39483642578125,242.57278442382812,390.5364990234375,354.1454162597656
5,15,0.5137918591499329,249.02734375,264.05072021484375,223.4144744873047,205.345703125,274.6402282714844,264.05072021484375
6,8,0.7249917984008789,221.10206604003906,265.08294677734375,205.33023071289062,216.1226806640625,236.8739013671875,265.08294677734375
6,9,0.5690295696258545,563.230224609375,216.8249969482422,543.374267578125,129.89443969726562,583.0861206054688,216.8249969482422
6,49,0.7915855646133423,490.7596130371094,328.7969055175781,466.6400146484375,229.85543823242188,514.8792114257812,328.7969055175781
6,18,0.8443441390991211,535.8501586914062,336.8124084472656,501.99359130859375,218.9577178955078,569.7067260742188,336.8124084472656
6,25,0.7677708268165588,358.6654052734375,381.193603515625,335.7253112792969,261.9935302734375,381.6054992675781,381.193603515625
6,15,0.6028848886489868,246.84393310546875,264.6072692871094,220.59243774414062,203.2405242919922,273.0954284667969,264.6072692871094
6,3,0.7881703972816467,391.0091247558594,377.9907531738281,369.7320251464844,257.4761962890625,412.2862243652344,377.9907531738281
6,16,0.6139345765113831,173.85333251953125,123.51087188720703,162.10446166992188,62.421058654785156,185.6022186279297,123.51087188720703
6,4,0.5618534684181213,129.4672393798828,174.44253540039062,117.16738891601562,106.12195587158203,141.76708984375,174.44253540039062
7,9,0.6209123730659485,565.2672119140625,216.1330108642578,545.8465576171875,130.10357666015625,584.6878662109375,216.1330108642578
7,49,0.7492913603782654,492.37310791015625,297.48516845703125,469.2457580566406,202.3815155029297,515.50048828125,297.48516845703125
7,18,0.8284845352172852,533.3811645507812,305.3345642089844,502.2179260253906,194.67398071289062,564.54443359375,305.3345642089844
7,15,0.7013043165206909,245.37281799316406,264.6248779296875,218.821044921875,201.4528045654297,271.9245910644531,264.6248779296875
7,63,0.8319932818412781,428.35626220703125,398.647216796875,401.18670654296875,273.42730712890625,455.52581787109375,398.647216796875
7,3,0.6333045959472656,385.1978759765625,402.92437744140625,363.7850341796875,281.3258361816406,406.6107482910156,402.92437744140625
8,9,0.5572479367256165,565.7075805664062,215.8638153076172,546.72412109375,131.18380737304688,584.6910400390625,215.8638153076172
8,49,0.7861676216125488,488.04693603515625,269.3333435058594,466.1676330566406,180.12991333007812,509.9262390136719,269.3333435058594
8,18,0.8270726799964905,527.9793701171875,274.22662353515625,499.20465087890625,170.38031005859375,556.7540893554688,274.22662353515625
8,15,0.6286544799804688,241.39776611328125,264.3189392089844,214.67213439941406,200.7068634033203,268.1234130859375,264.3189392089844
8,67,0.8157092332839966,457.3598327636719,434.64666748046875,427.16375732421875,301.0399475097656,487.555908203125,434.64666748046875
8,68,0.7903176546096802,179.2471923828125,179.74270629882812,163.970947265625,100.3026351928711,194.52342224121094,179.74270629882812
8,71,0.6619543433189392,180.51751708984375,479.68994140625,158.82786560058594,368.69293212890625,202.2071533203125,479.68994140625
8,72,0.680866003036499,204.94651794433594,178.62147521972656,192.90380859375,107.64723205566406,216.98922729492188,178.62147521972656
8,19,0.7779505848884583,402.625732421875,453.4805603027344,364.12603759765625,321.0395202636719,441.12542724609375,453.4805603027344
9,9,0.5665292739868164,563.0340576171875,216.22999572753906,544.1318969726562,132.49180603027344,581.9362182617188,216.22999572753906
9,49,0.7182546257972717,483.05560302734375,243.86927795410156,462.4530334472656,159.69964599609375,503.6581726074219,243.86927795410156
9,18,0.8023269772529602,518.9307861328125,248.01918029785156,492.83251953125,151.32411193847656,545.0289916992188,248.01918029785156
9,67,0.8192657828330994,470.4757385253906,468.4437255859375,438.84014892578125,327.8335876464844,502.111328125,468.4437255859375
9,68,0.5180741548538208,180.0150146484375,168.86695861816406,166.65673828125,99.19358825683594,193.373291015625,168.86695861816406
9,19,0.7694822549819946,419.53436279296875,470.4822692871094,382.6816101074219,340.2420349121094,456.3870849609375,470.4822692871094
9,1,0.7986229658126831,146.82945251464844,480.0,122.606689453125,364.66839599609375,171.05221557617188,480.0
10,9,0.6525670886039734,562.6229858398438,216.46913146972656,542.8681030273438,128.84527587890625,582.3778686523438,216.46913146972656
10,49,0.7820101380348206,486.027099609375,221.90267944335938,466.5481262207031,141.51808166503906,505.506103515625,221.90267944335938
10,18,0.7881373763084412,516.06298828125,224.63949584960938,492.15728759765625,133.84286499023438,539.9686889648438,224.63949584960938
10,67,0.8709213137626648,491.9329528808594,480.0,465.060546875,362.0215759277344,518.8053588867188,480.0
10,19,0.7837488651275635,437.10101318359375,476.57110595703125,406.9043884277344,369.3548278808594,467.2976379394531,476.57110595703125
10,84,0.6279678344726562,432.03948974609375,201.46495056152344,415.521728515625,115.05327606201172,448.5572509765625,201.46495056152344
10,1,0.8763882517814636,130.9331817626953,480.0,105.29096984863281,357.158935546875,156.5753936767578,480.0
11,9,0.43347999453544617,562.095947265625,217.13673400878906,542.2012939453125,128.86837768554688,581.9906005859375,217.13673400878906
11,49,0.7180191874504089,492.48834228515625,204.60427856445312,474.07183837890625,127.87360382080078,510.9048156738281,204.60427856445312
11,18,0.7505559325218201,520.4237670898438,205.78253173828125,498.3787536621094,119.98431396484375,542.4688110351562,205.78253173828125
11,19,0.8655741214752197,454.96600341796875,479.05157470703125,434.4714660644531,409.2708435058594,475.4605712890625,479.05157470703125
11,84,0.5468576550483704,434.63116455078125,219.12010192871094,416.60491943359375,124.73744201660156,452.6574401855469,219.12010192871094
11,1,0.8610321879386902,139.1890869140625,480.0,112.67291259765625,351.7646484375,165.7052459716797,480.0
11,88,0.6074786186218262,404.09271240234375,217.59976196289062,390.739013671875,135.44369506835938,417.4464416503906,217.59976196289062
11,22,0.5556821227073669,67.49185180664062,273.41448974609375,48.32295227050781,173.60842895507812,86.66075897216797,273.41448974609375
11,15,0.4725579619407654,239.20968627929688,263.2662353515625,213.9688720703125,201.42771911621094,264.45050048828125,263.2662353515625
12,9,0.5443615913391113,561.764404296875,217.1895751953125,541.7466430664062,128.4689483642578,581.7821655273438,217.1895751953125
12,49,0.5895878672599792,491.0574645996094,188.4088592529297,473.7081604003906,115.82099914550781,508.4067687988281,188.4088592529297
12,18,0.42212945222854614,524.4696044921875,189.67596435546875,503.9604797363281,107.97804260253906,544.9786987304688,189.67596435546875
12,84,0.6005647778511047,442.25262451171875,246.488525390625,422.6812438964844,143.8300018310547,461.8240051269531,246.488525390625
12,1,0.5664315223693848,147.32408142089844,480.0,126.63667297363281,384.8212890625,168.01148986816406,480.0
12,88,0.6888562440872192,403.55914306640625,240.890380859375,389.3809509277344,153.5980682373047,417.7373352050781,240.890380859375
12,106,0.6511006951332092,164.48974609375,176.99737548828125,151.42811584472656,101.7911148071289,177.55136108398438,176.99737548828125
12,15,0.5154362916946411,237.9195556640625,263.8490905761719,212.58425903320312,200.5263671875,263.2548522949219,263.8490905761719
12,12,0.6451756954193115,33.923221588134766,312.2362060546875,15.106911659240723,203.58277893066406,52.73952865600586,312.2362060546875
12,71,0.6254018545150757,163.0538330078125,450.8127136230469,144.92352294921875,359.576416015625,181.18414306640625,450.8127136230469
12,72,0.6463533639907837,207.75137329101562,225.29541015625,192.00784301757812,131.368896484375,223.4949188232422,225.29541015625
13,9,0.44056740403175354,561.9959716796875,216.8806610107422,541.994140625,127.92770385742188,581.997802734375,216.8806610107422
13,49,0.5751575827598572,493.4278564453125,174.98934936523438,476.678955078125,105.17678833007812,510.1767883300781,174.98934936523438
13,18,0.5736237168312073,525.7335815429688,175.11651611328125,506.7887268066406,98.30884552001953,544.678466796875,175.11651611328125
13,88,0.7353309392929077,407.38104248046875,274.74627685546875,391.5073547363281,177.1749725341797,423.25469970703125,274.74627685546875
13,15,0.5862348675727844,240.21115112304688,264.3498229980469,215.82395935058594,201.2820587158203,264.5983581542969,264.3498229980469
13,120,0.45711126923561096,185.3714599609375,278.8330383300781,168.7352752685547,216.48008728027344,202.0076446533203,278.8330383300781
13,72,0.5038325190544128,210.99447631835938,233.71922302246094,196.2595672607422,144.62030029296875,225.7293701171875,233.71922302246094
14,9,0.4578573703765869,565.111572265625,215.35984802246094,545.6278076171875,126.61766052246094,584.5953979492188,215.35984802246094
14,49,0.5561451315879822,490.052734375,161.71591186523438,474.3828125,96.2118148803711,505.7226257324219,161.71591186523438
14,18,0.5139680504798889,520.5343017578125,162.1353302001953,502.8367004394531,89.12794494628906,538.2318725585938,162.1353302001953
14,88,0.7742942571640015,408.8965148925781,312.69781494140625,391.8098449707031,208.00836181640625,425.9831848144531,312.69781494140625
14,15,0.3734961748123169,241.51101684570312,264.6965026855469,217.78884887695312,201.3623809814453,265.2331848144531,264.6965026855469
14,5,0.7726899981498718,296.47906494140625,479.7160339355469,270.8070983886719,342.7395935058594,322.15106201171875,479.7160339355469
14,84,0.46127861738204956,455.24029541015625,272.653564453125,439.3123779296875,189.9541778564453,471.1681823730469,272.653564453125
15,9,0.48608162999153137,563.5466918945312,216.71746826171875,543.8385009765625,127.77894592285156,583.2548828125,216.71746826171875
15,49,0.5859791040420532,483.22760009765625,151.01368713378906,468.1728210449219,87.70101165771484,498.28240966796875,151.01368713378906
15,18,0.5480400323867798,513.2777099609375,150.8902587890625,496.755126953125,81.54003143310547,529.8002319335938,150.8902587890625
15,88,0.7476245164871216,409.8079528808594,352.3605651855469,391.20635986328125,239.11244201660156,428.4095458984375,352.3605651855469
15,137,0.7178032398223877,20.892662048339844,381.11651611328125,2.5384531021118164,259.94415283203125,39.24687194824219,381.11651611328125
15,84,0.4378434717655182,461.15838623046875,313.67822265625,441.7515869140625,212.70703125,480.5651550292969,313.67822265625
15,25,0.8074407577514648,319.39398193359375,447.9157409667969,293.6609802246094,312.11883544921875,345.1269836425781,447.9157409667969
16,9,0.4990873336791992,563.08056640625,217.36863708496094,543.4959716796875,130.0943603515625,582.6651000976562,217.36863708496094
16,49,0.6363528966903687,475.1000671386719,141.01220703125,460.5640869140625,79.924560546875,489.63604736328125,141.01220703125
16,18,0.6262227296829224,503.69122314453125,140.75856018066406,487.9742736816406,73.01531219482422,519.4081420898438,140.75856018066406
16,137,0.48151418566703796,20.604455947875977,354.4855041503906,2.6965627670288086,236.60562133789062,38.51234817504883,354.4855041503906
16,84,0.6146315336227417,469.6758728027344,366.29779052734375,447.8902893066406,251.32147216796875,491.4614562988281,366.29779052734375
16,148,0.4204477071762085,519.6734619140625,343.1297302246094,503.2568359375,272.4582824707031,536.090087890625,343.1297302246094
16,25,0.5509478449821472,310.06085205078125,428.8539123535156,285.82666015625,301.0557556152344,334.2950439453125,428.8539123535156
16,8,0.6232936978340149,226.70225524902344,266.6703796386719,206.90077209472656,202.77944946289062,246.5037384033203,266.6703796386719
16,12,0.6471379995346069,54.80986022949219,319.1048278808594,37.18136978149414,221.1747283935547,72.4383544921875,319.1048278808594
17,9,0.5984429121017456,562.1593017578125,217.2467041015625,542.558349609375,129.97586059570312,581.7603149414062,217.2467041015625
17,49,0.5085341930389404,469.2412109375,130.46592712402344,455.8135681152344,73.71218872070312,482.66888427734375,130.46592712402344
17,18,0.547970712184906,494.06396484375,130.9396514892578,479.1252136230469,64.99431610107422,509.0027160644531,130.9396514892578
17,84,0.5823447704315186,479.4507751464844,360.4508056640625,460.4031677246094,260.5876159667969,498.4983825683594,360.4508056640625
17,148,0.5067006349563599,512.250732421875,339.3704528808594,496.012939453125,269.0482177734375,528.4885864257812,339.3704528808594
17,25,0.45863717794418335,302.2133483886719,422.3733825683594,279.1181945800781,297.950927734375,325.3085021972656,422.3733825683594
17,166,0.5738692879676819,148.1812744140625,144.15377807617188,134.60385131835938,86.08562469482422,161.75868225097656,144.15377807617188
17,167,0.4325721263885498,166.65090942382812,118.06098937988281,157.90818786621094,58.8466796875,175.39361572265625,118.06098937988281
17,171,0.5583220720291138,467.4254150390625,318.387451171875,440.27117919921875,217.95701599121094,494.5796203613281,318.387451171875
17,8,0.7313045859336853,227.27261352539062,266.2162170410156,207.7855987548828,201.0824432373047,246.75961303710938,266.2162170410156
17,12,0.5861162543296814,66.6163330078125,312.474853515625,47.63167190551758,206.23501586914062,85.60099029541016,312.474853515625
17,6,0.4629761874675751,138.74038696289062,349.6400146484375,119.71149444580078,231.38287353515625,157.769287109375,349.6400146484375
18,9,0.5166940689086914,561.5032958984375,217.35752868652344,541.873046875,130.16246032714844,581.133544921875,217.35752868652344
18,18,0.5374151468276978,484.8305969238281,121.81888580322266,471.1647644042969,60.45648193359375,498.4964294433594,121.81888580322266
18,148,0.549159824848175,512.0657958984375,338.2745361328125,496.2928466796875,269.2795104980469,527.8388061523438,338.2745361328125
18,25,0.7047191858291626,299.867919921875,420.3642883300781,276.6094970703125,293.9093322753906,323.1263122558594,420.3642883300781
18,167,0.3532964885234833,167.00015258789062,109.4408950805664,158.38906860351562,51.22172927856445,175.61122131347656,109.4408950805664
18,171,0.46772852540016174,475.31439208984375,336.45751953125,445.1784973144531,224.22177124023438,505.45025634765625,336.45751953125
18,8,0.441019207239151,231.82801818847656,266.2451477050781,213.1659393310547,202.76290893554688,250.49009704589844,266.2451477050781
18,22,0.5162089467048645,62.90634536743164,278.1178283691406,44.401832580566406,180.05560302734375,81.41085815429688,278.1178283691406
19,9,0.42501166462898254,561.4814453125,217.12686157226562,541.8237915039062,129.76097106933594,581.1390380859375,217.12686157226562
19,18,0.5412584543228149,479.7969970703125,114.77664184570312,467.0089111328125,56.325042724609375,492.5851135253906,114.77664184570312
19,25,0.6885967254638672,300.68841552734375,419.28955078125,277.6274719238281,293.3166198730469,323.7493896484375,419.28955078125
19,171,0.5631770491600037,477.37298583984375,342.63726806640625,445.57806396484375,222.93247985839844,509.1679382324219,342.63726806640625
19,8,0.6708183884620667,232.57447814941406,265.8506774902344,213.90521240234375,199.97523498535156,251.24374389648438,265.8506774902344
19,181,0.8048520088195801,563.6000366210938,410.45074462890625,544.5473022460938,288.05755615234375,582.6527709960938,410.45074462890625
19,182,0.6755436062812805,189.66812133789062,224.6978302001953,173.27664184570312,138.70608520507812,206.05958557128906,224.6978302001953
19,188,0.6054803729057312,163.57196044921875,229.3354034423828,148.89390563964844,150.01536560058594,178.25,229.3354034423828
19,24,0.5337743759155273,159.60287475585938,97.35368347167969,148.23703002929688,43.65165710449219,170.96873474121094,97.35368347167969
19,6,0.8202844858169556,131.23275756835938,379.8748779296875,110.75698852539062,256.08966064453125,151.70852661132812,379.8748779296875
20,9,0.4457843601703644,561.2918701171875,217.10635375976562,541.553466796875,129.49317932128906,581.0302124023438,217.10635375976562
20,18,0.48090288043022156,476.6171569824219,106.6549072265625,463.33880615234375,45.01812744140625,489.8955078125,106.6549072265625
20,25,0.6120380759239197,300.8590087890625,418.997314453125,277.6893310546875,291.6959533691406,324.0286560058594,418.997314453125
20,171,0.6683679819107056,478.6207275390625,345.72271728515625,446.1977844238281,222.0615997314453,511.0436706542969,345.72271728515625
20,8,0.7901777625083923,231.12164306640625,266.3316955566406,212.1654052734375,198.78121948242188,250.07786560058594,266.3316955566406
20,181,0.7949840426445007,563.840087890625,410.364990234375,544.8031005859375,288.0150451660156,582.8770751953125,410.364990234375
20,193,0.5273316502571106,120.12387084960938,238.1824951171875,102.2923812866211,140.12176513671875,137.95535278320312,238.1824951171875
20,197,0.4525986313819885,460.0111083984375,112.07594299316406,449.81048583984375,61.668792724609375,470.2117614746094,112.07594299316406
20,45,0.3516318202018738,146.42559814453125,91.26431274414062,139.1879425048828,40.65839385986328,153.66326904296875,91.26431274414062
20,148,0.6142308712005615,513.9080810546875,336.6111755371094,498.01904296875,266.224609375,529.797119140625,336.6111755371094
21,9,0.5381888151168823,561.69677734375,216.85438537597656,542.1016845703125,130.20933532714844,581.2918701171875,216.85438537597656
21,25,0.6760399341583252,302.99591064453125,419.03985595703125,279.32574462890625,289.7555236816406,326.66607666015625,419.03985595703125
21,8,0.8055870532989502,231.20645141601562,266.4366149902344,212.14337158203125,197.17413330078125,250.26954650878906,266.4366149902344
21,181,0.7535444498062134,563.6054077148438,410.15185546875,544.5303955078125,287.5342712402344,582.680419921875,410.15185546875
21,206,0.7778920531272888,438.5162658691406,252.96099853515625,424.562744140625,165.70472717285156,452.46978759765625,252.96099853515625
21,212,0.7252820730209351,18.394662857055664,416.939697265625,0.6454491019248962,298.1199645996094,36.14387512207031,416.939697265625
21,188,0.6491897702217102,163.511962890625,210.44923400878906,147.7799530029297,125.5759506225586,179.24398803710938,210.44923400878906
21,6,0.7759371995925903,142.5845489501953,388.9424133300781,122.90365600585938,270.639404296875,162.26544189453125,388.9424133300781
22,9,0.6565859913825989,561.8327026367188,216.80020141601562,542.348876953125,130.88690185546875,581.3165283203125,216.80020141601562
22,8,0.7784239649772644,230.78607177734375,266.6307373046875,211.76220703125,196.2460479736328,249.8099365234375,266.6307373046875
22,181,0.778181254863739,566.2149047851562,410.26611328125,547.275634765625,288.02423095703125,585.1541748046875,410.26611328125
22,206,0.82173752784729,434.12506103515625,290.6614990234375,418.240234375,191.56185913085938,450.0098571777344,290.6614990234375
22,217,0.8353825211524963,57.253509521484375,455.49237060546875,29.558025360107422,327.8857421875,84.9489974975586,455.49237060546875
22,188,0.5744757652282715,172.28616333007812,194.06138610839844,157.66294860839844,115.05221557617188,186.9093780517578,194.06138610839844
22,6,0.7685529589653015,147.33367919921875,388.7987365722656,128.37960815429688,273.8617248535156,166.2877655029297,388.7987365722656
22,11,0.8007550835609436,317.2459716796875,479.63165283203125,244.1199188232422,359.3117370605469,390.37200927734375,479.63165283203125
22,171,0.6272834539413452,490.70391845703125,329.369384765625,469.0835266113281,247.8649139404297,512.3242797851562,329.369384765625
23,9,0.538402259349823,562.1063232421875,216.97157287597656,542.4168090820312,130.61846923828125,581.7958374023438,216.97157287597656
23,8,0.7329080700874329,230.86505126953125,266.6685485839844,212.1252899169922,196.3834991455078,249.6048126220703,266.6685485839844
23,181,0.765448272228241,575.46142578125,422.79229736328125,556.4600219726562,300.8427734375,594.4627685546875,422.79229736328125
23,206,0.757371723651886,439.1966857910156,335.31781005859375,421.3663635253906,224.40237426757812,457.0270080566406,335.31781005859375
23,217,0.6321836113929749,47.62825393676758,463.33148193359375,20.587114334106445,338.1160583496094,74.66939544677734,463.33148193359375
23,188,0.5370562076568604,171.97607421875,181.14329528808594,156.7198944091797,97.84080505371094,187.23223876953125,181.14329528808594
23,6,0.5942071080207825,140.47808837890625,395.15203857421875,121.52584838867188,281.0147705078125,159.43032836914062,395.15203857421875
23,231,0.7740035653114319,86.28523254394531,426.92779541015625,62.264854431152344,306.97662353515625,110.30561828613281,426.92779541015625
23,30,0.8357569575309753,365.858154296875,451.5460205078125,345.6111755371094,310.55548095703125,386.10516357421875,451.5460205078125
23,25,0.5370277762413025,308.7960205078125,419.0896911621094,286.0961608886719,295.36474609375,331.495849609375,419.0896911621094
24,9,0.6040372848510742,561.3114624023438,216.79444885253906,541.46875,129.4712371826172,581.1541748046875,216.79444885253906
24,8,0.7282111644744873,229.23956298828125,266.45440673828125,210.50927734375,196.35598754882812,247.96986389160156,266.45440673828125
24,231,0.8101209998130798,82.89039611816406,435.51031494140625,58.04587173461914,311.1408386230469,107.73491668701172,435.51031494140625
24,244,0.7444777488708496,404.5054016113281,224.62646484375,387.2306213378906,138.51943969726562,421.7801818847656,224.62646484375
24,25,0.7115939259529114,309.16546630859375,433.9081726074219,285.5137939453125,305.1829833984375,332.817138671875,433.9081726074219
24,63,0.7577927112579346,417.9534606933594,383.7659912109375,393.6907043457031,268.57757568359375,442.2162170410156,383.7659912109375
24,3,0.7998412847518921,381.22821044921875,378.9394836425781,359.2570495605469,251.53720092773438,403.19940185546875,378.9394836425781
24,106,0.6826412677764893,168.82513427734375,194.2093048095703,154.53245544433594,114.29683685302734,183.11781311035156,194.2093048095703
24,71,0.7372525930404663,127.01591491699219,439.4154968261719,102.61604309082031,314.5511169433594,151.41578674316406,439.4154968261719
24,84,0.6914420127868652,524.6268310546875,472.1391296386719,499.118896484375,337.0050048828125,550.134765625,472.1391296386719
24,193,0.6431166529655457,122.65190887451172,202.4146728515625,108.04359436035156,121.6148910522461,137.26022338867188,202.4146728515625
24,197,0.4644060730934143,459.84942626953125,131.5893096923828,446.5784912109375,65.50830078125,473.1203918457031,131.5893096923828
24,171,0.6957486271858215,500.41937255859375,380.9322814941406,471.0733642578125,267.3777160644531,529.765380859375,380.9322814941406
25,9,0.6346741318702698,561.45947265625,216.88063049316406,541.5872192382812,129.71383666992188,581.331787109375,216.88063049316406
25,8,0.7813710570335388,229.08193969726562,266.4535827636719,210.3638458251953,196.30615234375,247.800048828125,266.4535827636719
25,25,0.8513179421424866,307.3375244140625,459.0509033203125,281.1944885253906,315.13470458984375,333.48052978515625,459.0509033203125
25,252,0.7767716646194458,618.309326171875,474.56475830078125,597.6295166015625,340.5408935546875,638.9891357421875,474.56475830078125
25,253,0.7305698990821838,568.2579345703125,479.69903564453125,543.46826171875,388.0656433105469,593.0476684570312,479.69903564453125
25,256,0.6795482635498047,206.43280029296875,159.9310302734375,196.9908905029297,94.97345733642578,215.87469482421875,159.9310302734375
25,63,0.8373562097549438,407.440673828125,352.3884582519531,382.5197448730469,233.71829223632812,432.361572265625,352.3884582519531
25,106,0.47408580780029297,171.3437957763672,208.4713592529297,156.37461853027344,125.29877471923828,186.31297302246094,208.4713592529297
25,71,0.8290703296661377,114.86161804199219,454.45166015625,89.7890396118164,325.1750793457031,139.9342041015625,454.45166015625
25,84,0.7425471544265747,533.6415405273438,480.0,508.35394287109375,345.4153747558594,558.9291381835938,480.0
25,193,0.6105040311813354,121.5235595703125,212.55511474609375,105.664306640625,124.31282806396484,137.3828125,212.55511474609375
25,197,0.5683259963989258,462.61181640625,136.50807189941406,449.65179443359375,71.2490005493164,475.57183837890625,136.50807189941406
25,206,0.7397963404655457,448.58721923828125,350.7933654785156,430.2392883300781,238.77777099609375,466.9351806640625,350.7933654785156
25,217,0.820938229560852,28.298254013061523,456.0206298828125,1.4151355028152466,330.3657531738281,55.181373596191406,456.0206298828125
26,9,0.35709720849990845,561.6705322265625,216.80392456054688,541.1748046875,126.8270263671875,582.1663208007812,216.80392456054688
26,8,0.740702211856842,227.9095458984375,266.32305908203125,209.35015869140625,196.75738525390625,246.46893310546875,266.32305908203125
26,25,0.49396318197250366,294.319091796875,474.2619323730469,263.6988220214844,305.6531066894531,324.9393615722656,474.2619323730469
26,252,0.7751820087432861,617.7021484375,474.4502868652344,597.139404296875,341.30072021484375,638.2648315429688,474.4502868652344
26,253,0.5726091265678406,569.4332275390625,479.64105224609375,544.61865234375,387.80926513671875,594.2478637695312,479.64105224609375
26,84,0.7263016104698181,537.6405029296875,480.0,512.5822143554688,349.6588134765625,562.6987915039062,480.0
26,197,0.655978262424469,468.234375,144.91651916503906,454.71435546875,76.02498626708984,481.75439453125,144.91651916503906
26,259,0.6757349371910095,471.5928955078125,474.2150573730469,449.7115478515625,348.7925109863281,493.4742431640625,474.2150573730469
26,217,0.8019735217094421,19.987560272216797,473.6659851074219,0.0,349.47344970703125,39.975120544433594,473.6659851074219
26,1,0.76254802942276,151.09983825683594,479.8633728027344,128.368896484375,386.99139404296875,173.83078002929688,479.8633728027344
26,120,0.35371994972229004,184.0350799560547,287.16552734375,164.7126007080078,214.6909637451172,203.35755920410156,287.16552734375
26,188,0.5057108402252197,172.54824829101562,158.58633422851562,159.533203125,87.25494384765625,185.5632781982422,158.58633422851562
26,231,0.811652421951294,79.4708251953125,475.3656921386719,54.79328155517578,352.01544189453125,104.14836883544922,475.3656921386719
27,9,0.3602698743343353,560.951416015625,217.3284912109375,540.2860107421875,126.02066040039062,581.6168823242188,217.3284912109375
27,8,0.6962603330612183,229.542724609375,266.0711364746094,211.49546813964844,199.08876037597656,247.5899658203125,266.0711364746094
27,252,0.5143622159957886,615.7647705078125,433.13885498046875,601.4117431640625,342.38836669921875,630.1177368164062,433.13885498046875
27,84,0.7215240597724915,542.0005493164062,480.0,516.6265869140625,350.7001037597656,567.37451171875,480.0
27,197,0.6484220027923584,470.12506103515625,151.7359161376953,456.7742614746094,83.1755142211914,483.475830078125,151.7359161376953
27,268,0.7647273540496826,470.0411071777344,275.16656494140625,454.0754089355469,179.25540161132812,486.0068054199219,275.16656494140625
27,271,0.5420423746109009,141.77536010742188,233.96737670898438,127.57315063476562,149.781494140625,155.9775848388672,233.96737670898438
27,120,0.5758194327354431,179.13485717773438,286.057861328125,156.7079620361328,200.9983367919922,201.56175231933594,286.057861328125
27,2,0.6940562725067139,297.8673400878906,403.59893798828125,241.4044647216797,288.33416748046875,354.3302307128906,403.59893798828125
27,12,0.6601018905639648,96.41334533691406,267.8292541503906,79.27960968017578,173.77220153808594,113.54708862304688,267.8292541503906
27,71,0.8703247904777527,115.45243835449219,470.6420593261719,88.54239654541016,333.1300048828125,142.36248779296875,470.6420593261719
28,9,0.46626007556915283,561.4700927734375,217.36837768554688,541.228759765625,128.2679901123047,581.7113647460938,217.36837768554688
28,8,0.7129340767860413,230.09954833984375,265.8984069824219,212.3802947998047,200.58401489257812,247.8188018798828,265.8984069824219
28,252,0.5657966732978821,617.9417724609375,442.228759765625,602.7723388671875,347.6238708496094,633.1112670898438,442.228759765625
28,268,0.6806982159614563,469.4486083984375,243.7997283935547,454.51226806640625,154.16683959960938,484.3849182128906,243.7997283935547
28,120,0.5212957859039307,183.2186279296875,281.30596923828125,162.98545837402344,203.7374267578125,203.45179748535156,281.30596923828125
28,276,0.7641152143478394,434.27276611328125,237.39230346679688,418.5805358886719,144.1544952392578,449.9649658203125,237.39230346679688
28,277,0.6488048434257507,610.5070190429688,479.6693420410156,581.0140380859375,403.66583251953125,640.0,479.6693420410156
28,12,0.624740481376648,103.38020324707031,298.759033203125,84.19344329833984,193.68350219726562,122.56695556640625,298.759033203125
28,6,0.7710635662078857,126.89442443847656,415.75048828125,104.7771224975586,288.6905517578125,149.01171875,415.75048828125
28,253,0.7376848459243774,573.2596435546875,479.385986328125,543.97607421875,370.0960388183594,602.5432739257812,479.385986328125
28,1,0.6850242018699646,162.8688507080078,479.8286437988281,136.1506805419922,366.60321044921875,189.58702087402344,479.8286437988281
29,9,0.3689544200897217,561.2506103515625,217.27899169921875,541.2386474609375,129.72821044921875,581.2625122070312,217.27899169921875
29,8,0.640168309211731,231.51803588867188,265.5760803222656,213.68287658691406,199.06895446777344,249.35321044921875,265.5760803222656
29,268,0.6034908890724182,474.06683349609375,214.69789123535156,460.2348937988281,131.69598388671875,487.89874267578125,214.69789123535156
29,286,0.6245502829551697,299.1507568359375,403.88916015625,281.0363464355469,287.5445556640625,317.2651672363281,403.88916015625
29,6,0.7509235739707947,130.3003387451172,390.7817077636719,108.3852310180664,266.1144714355469,152.2154541015625,390.7817077636719
29,1,0.8460172414779663,166.24612426757812,479.8094787597656,139.11660766601562,364.4139404296875,193.3756561279297,479.8094787597656
29,13,0.7024762630462646,535.6802368164062,195.197509765625,519.3926391601562,111.62345886230469,551.9678344726562,195.197509765625
29,22,0.6032310724258423,65.16859436035156,281.95306396484375,47.85783004760742,189.1299285888672,82.47935485839844,281.95306396484375
29,244,0.6856104731559753,397.4013671875,206.22035217285156,380.246826171875,119.88290405273438,414.5558776855469,206.22035217285156
30,9,0.3654574453830719,563.607177734375,216.16104125976562,544.0484008789062,129.64645385742188,583.166015625,216.16104125976562
30,8,0.5890029072761536,231.4677734375,265.14044189453125,210.70013427734375,183.8194580078125,252.23541259765625,265.14044189453125
30,286,0.6229405403137207,298.1889953613281,403.8211364746094,280.05859375,287.45501708984375,316.31939697265625,403.8211364746094
30,6,0.7094084620475769,134.6529998779297,351.6712341308594,113.81253051757812,236.1155242919922,155.49346923828125,351.6712341308594
30,13,0.6856238842010498,533.14013671875,214.96856689453125,515.8109741210938,126.96656036376953,550.4692993164062,214.96856689453125
30,244,0.6711236238479614,406.07647705078125,217.50743103027344,388.4328308105469,128.25225830078125,423.72015380859375,217.50743103027344
30,212,0.8084363341331482,30.347549438476562,367.520263671875,12.517589569091797,251.2916717529297,48.17750930786133,367.520263671875
31,8,0.5631057024002075,235.44131469726562,262.74908447265625,212.54873657226562,169.78585815429688,258.3338928222656,262.74908447265625
31,286,0.5888548493385315,297.6438903808594,404.2218322753906,279.46478271484375,287.56304931640625,315.822998046875,404.2218322753906
31,6,0.6980854868888855,138.29995727539062,314.301513671875,118.80952453613281,206.49221801757812,157.79039001464844,314.301513671875
31,13,0.7526924014091492,539.8468627929688,242.0975341796875,521.5294189453125,148.4776611328125,558.164306640625,242.0975341796875
31,106,0.6908155679702759,164.7190399169922,243.38160705566406,147.89979553222656,149.1434783935547,181.5382843017578,243.38160705566406
31,276,0.6574328541755676,421.70611572265625,240.87400817871094,406.11529541015625,148.56793212890625,437.2969055175781,240.87400817871094
32,307,0.471719354391098,113.03260040283203,479.83172607421875,90.91888427734375,440.5381164550781,135.1463165283203,479.83172607421875
32,106,0.7074422240257263,164.1308135986328,233.82608032226562,147.6639404296875,141.70297241210938,180.59768676757812,233.82608032226562
32,11,0.8036882877349854,307.61846923828125,478.6371154785156,243.6527099609375,354.89080810546875,371.5841979980469,478.6371154785156
32,231,0.7870577573776245,70.74966430664062,480.0,50.61192321777344,385.4208984375,90.88739776611328,480.0
32,271,0.7151361703872681,145.3373260498047,264.511962890625,129.0361328125,168.92523193359375,161.63851928710938,264.511962890625
32,212,0.6272662878036499,25.854890823364258,331.933349609375,8.909974098205566,227.17572021484375,42.799808502197266,331.933349609375
33,106,0.6848495006561279,155.9986572265625,237.05352783203125,139.8301239013672,147.71243286132812,172.1671905517578,237.05352783203125
33,319,0.8561579585075378,39.1435432434082,479.9364013671875,0.0,348.8416748046875,78.2870864868164,479.9364013671875
33,321,0.7398620843887329,440.6822509765625,292.2928466796875,422.6608581542969,184.31785583496094,458.70361328125,292.2928466796875
33,328,0.6924680471420288,523.1766357421875,213.7893524169922,508.8085021972656,131.5096435546875,537.5447387695312,213.7893524169922
33,231,0.718536376953125,78.21734619140625,480.0,56.76213455200195,378.1534423828125,99.67256164550781,480.0
33,45,0.5722548961639404,151.72695922851562,94.54032897949219,144.339111328125,44.4932861328125,159.1147918701172,94.54032897949219
33,9,0.5136353373527527,568.9087524414062,220.6359100341797,548.5103149414062,128.37100219726562,589.3071899414062,220.6359100341797
33,286,0.525747537612915,297.98046875,402.7049255371094,279.99761962890625,287.5475769042969,315.96331787109375,402.7049255371094
34,319,0.813406765460968,44.105247497558594,448.8188171386719,0.0,307.7862854003906,88.21049499511719,448.8188171386719
34,321,0.7688176035881042,435.750244140625,323.58251953125,416.7087097167969,209.62062072753906,454.79180908203125,323.58251953125
34,328,0.7645719051361084,527.76171875,235.02880859375,511.90667724609375,144.15809631347656,543.6167602539062,235.02880859375
34,331,0.7051213979721069,122.94877624511719,455.9298095703125,91.55123138427734,323.3877868652344,154.34632873535156,455.9298095703125
34,9,0.46661052107810974,568.2999267578125,225.20394897460938,548.5946655273438,132.7123260498047,588.0052490234375,225.20394897460938
34,148,0.4105346202850342,510.912109375,324.5675354003906,489.5785217285156,228.92568969726562,532.2456665039062,324.5675354003906
34,193,0.7026032209396362,127.28567504882812,215.14511108398438,111.68559265136719,129.81048583984375,142.88575744628906,215.14511108398438
34,71,0.6971175074577332,77.42449188232422,449.5044250488281,53.45309829711914,322.4251708984375,101.39588928222656,449.5044250488281
35,319,0.8086442947387695,53.96749496459961,400.109130859375,6.864348411560059,266.50262451171875,101.07064056396484,400.109130859375
35,321,0.79225093126297,430.86627197265625,363.5705871582031,410.0008850097656,238.88650512695312,451.731689453125,363.5705871582031
35,328,0.7587396502494812,532.314697265625,255.82443237304688,515.6505737304688,160.1912078857422,548.978759765625,255.82443237304688
35,9,0.6118728518486023,563.4298095703125,238.4632568359375,543.28759765625,140.8847198486328,583.5720825195312,238.4632568359375
35,343,0.6758927702903748,472.95062255859375,246.4560089111328,454.0410461425781,153.6622314453125,491.86016845703125,246.4560089111328
35,148,0.6731759309768677,510.8534240722656,345.5426330566406,488.796142578125,248.46815490722656,532.9107055664062,345.5426330566406
35,193,0.3851291537284851,130.8462677001953,203.51304626464844,116.1422119140625,123.64228057861328,145.55032348632812,203.51304626464844
35,182,0.6187903881072998,182.6466064453125,196.01739501953125,167.17515563964844,116.77879333496094,198.1180419921875,196.01739501953125
35,171,0.7869431972503662,513.8712768554688,477.24420166015625,478.6997375488281,339.20416259765625,549.0427856445312,477.24420166015625
35,253,0.8486743569374084,584.5228271484375,471.98974609375,545.84765625,323.8717956542969,623.1979370117188,471.98974609375
35,1,0.7910587787628174,156.03872680664062,479.36895751953125,130.01177978515625,366.39923095703125,182.06568908691406,479.36895751953125
36,319,0.7611117959022522,65.88310241699219,365.7533264160156,22.46297264099121,240.220703125,109.30323791503906,365.7533264160156
36,321,0.8085551857948303,435.70135498046875,410.12335205078125,412.9467468261719,274.4239807128906,458.4559631347656,410.12335205078125
36,328,0.8143383264541626,532.2442626953125,274.733154296875,514.9844970703125,175.67660522460938,549.5039672851562,274.733154296875
36,9,0.733957052230835,571.7322998046875,267.9590759277344,550.2769165039062,162.1483917236328,593.1876831054688,267.9590759277344
36,343,0.5811007022857666,474.60711669921875,256.2497863769531,455.7884521484375,163.77163696289062,493.42578125,256.2497863769531
36,193,0.5901971459388733,135.3470458984375,188.72035217285156,121.26551055908203,112.00275421142578,149.4285888671875,188.72035217285156
36,356,0.7309183478355408,118.47874450683594,370.0303039550781,102.64649200439453,253.4493865966797,134.3109893798828,370.0303039550781
36,171,0.8320158123970032,511.9914855957031,480.0,485.5411376953125,389.0363464355469,538.4418334960938,480.0
36,1,0.8467641472816467,144.26055908203125,479.4642639160156,116.47112274169922,357.52630615234375,172.0500030517578,479.4642639160156
36,120,0.6316125988960266,190.48379516601562,282.6941833496094,173.5727996826172,220.1378173828125,207.394775390625,282.6941833496094
36,277,0.8630191087722778,586.0125122070312,479.69000244140625,552.7010498046875,396.2121276855469,619.323974609375,479.69000244140625
37,321,0.7986342906951904,428.5987243652344,461.3733825683594,404.01953125,315.1105651855469,453.17791748046875,461.3733825683594
37,328,0.852664053440094,531.5780029296875,297.4035949707031,513.2378540039062,191.83108520507812,549.9180908203125,297.4035949707031
37,9,0.8049684762954712,570.9720458984375,309.4847106933594,547.8983764648438,193.11285400390625,594.0457763671875,309.4847106933594
37,343,0.689642608165741,472.15130615234375,272.9390563964844,452.9375305175781,178.08441162109375,491.36505126953125,272.9390563964844
37,193,0.5209060311317444,132.64031982421875,176.34397888183594,119.34359741210938,103.69528198242188,145.9370574951172,176.34397888183594
37,171,0.8717519044876099,525.2750244140625,478.8125305175781,491.2036437988281,356.0310363769531,559.3463745117188,478.8125305175781
37,16,0.5791341662406921,170.362548828125,165.80264282226562,156.77505493164062,92.81819152832031,183.95004272460938,165.80264282226562
37,166,0.5181542634963989,149.56210327148438,168.78939819335938,135.09588623046875,103.00820922851562,164.02833557128906,168.78939819335938
37,256,0.5945948362350464,198.30552673339844,170.78599548339844,186.67893981933594,92.55392456054688,209.93211364746094,170.78599548339844
37,331,0.8971706032752991,99.52020263671875,477.951416015625,71.4893569946289,359.6149597167969,127.55105590820312,477.951416015625
38,321,0.8903127908706665,424.074951171875,480.0,402.7185974121094,362.2902526855469,445.43133544921875,480.0
38,171,0.8509494662284851,539.796630859375,480.0,510.8707275390625,382.1163330078125,568.7224731445312,480.0
38,16,0.4209698736667633,169.62249755859375,157.8450469970703,156.4156036376953,89.24066162109375,182.82940673828125,157.8450469970703
38,256,0.5874254703521729,201.22689819335938,162.64614868164062,189.651123046875,87.89527893066406,212.8026885986328,162.64614868164062
38,15,0.6859947443008423,216.2717742919922,254.4647674560547,183.5677032470703,154.74472045898438,248.97584533691406,254.4647674560547
38,22,0.757583737373352,65.59930419921875,346.0147705078125,43.32353210449219,224.42977905273438,87.87507629394531,346.0147705078125
38,106,0.7133731245994568,144.1225128173828,241.9249725341797,128.02952575683594,154.61859130859375,160.2154998779297,241.9249725341797
38,286,0.6078915596008301,295.0491027832031,400.38861083984375,278.2420654296875,292.0421142578125,311.85614013671875,400.38861083984375
38,148,0.7787463068962097,504.67529296875,377.4580993652344,477.6667175292969,253.0816650390625,531.683837890625,377.4580993652344
38,1,0.865013599395752,127.53752136230469,479.0760498046875,102.55732727050781,368.5062561035156,152.51771545410156,479.0760498046875
39,321,0.8688873648643494,431.13873291015625,480.0,417.1361389160156,419.74517822265625,445.141357421875,480.0
39,16,0.5126878023147583,166.67453002929688,148.76519775390625,154.35581970214844,83.71955871582031,178.99325561523438,148.76519775390625
39,256,0.6592257618904114,203.92799377441406,150.27928161621094,192.7554168701172,81.0706558227539,215.10057067871094,150.27928161621094
39,22,0.6594297289848328,74.48350524902344,329.0460205078125,54.58812713623047,220.36795043945312,94.37889099121094,329.0460205078125
39,148,0.8323372602462769,509.17242431640625,357.541259765625,484.36944580078125,240.22386169433594,533.9754028320312,357.541259765625
39,182,0.7397138476371765,182.07803344726562,216.51268005371094,166.57618713378906,134.4951629638672,197.5798797607422,216.51268005371094
39,328,0.6870701313018799,548.0817260742188,319.8070068359375,529.919921875,216.61000061035156,566.2435302734375,319.8070068359375
39,343,0.5390409231185913,474.2738952636719,306.6755065917969,456.35076904296875,217.96141052246094,492.197021484375,306.6755065917969
39,166,0.6752625703811646,153.86361694335938,201.0931396484375,137.12867736816406,123.7962875366211,170.59854125976562,201.0931396484375
40,256,0.6035994291305542,200.85560607910156,136.3240509033203,190.48654174804688,74.1641845703125,211.22467041015625,136.3240509033203
40,148,0.848145604133606,515.5147094726562,369.72967529296875,490.8312683105469,249.5946044921875,540.1981811523438,369.72967529296875
40,386,0.6909369826316833,209.70657348632812,200.88748168945312,196.95700073242188,118.79381561279297,222.45614624023438,200.88748168945312
40,182,0.6901189088821411,179.1511688232422,202.92364501953125,164.66946411132812,124.2154312133789,193.63287353515625,202.92364501953125
40,343,0.6669815182685852,474.6394958496094,350.4052734375,453.55474853515625,245.3357696533203,495.7242431640625,350.4052734375
40,12,0.5970635414123535,131.54598999023438,297.28662109375,113.21629333496094,200.46417236328125,149.8756866455078,297.28662109375
40,11,0.782725989818573,296.1219482421875,479.3017272949219,240.953369140625,356.3127136230469,351.2905578613281,479.3017272949219
40,120,0.797692596912384,188.9728240966797,276.90576171875,169.64625549316406,206.09381103515625,208.2993927001953,276.90576171875
40,9,0.7294048070907593,575.6786499023438,365.1825866699219,552.9542236328125,249.6143341064453,598.403076171875,365.1825866699219
41,148,0.8324198722839355,517.2635498046875,396.6888427734375,491.6290588378906,269.9029846191406,542.8980712890625,396.6888427734375
41,386,0.6941164135932922,203.49658203125,182.84461975097656,191.4817352294922,105.77503204345703,215.51141357421875,182.84461975097656
41,343,0.7335290312767029,479.6241760253906,389.0535583496094,456.2748107910156,271.23492431640625,502.9735412597656,389.0535583496094
41,390,0.8036941885948181,181.61849975585938,479.67437744140625,161.05987548828125,364.7114562988281,202.17710876464844,479.67437744140625
41,12,0.7271912097930908,132.52957153320312,305.4450988769531,113.93620300292969,206.49639892578125,151.12295532226562,305.4450988769531
41,307,0.8250658512115479,111.38273620605469,479.7920837402344,72.58877563476562,408.4777526855469,150.17669677734375,479.7920837402344
41,253,0.805004894733429,586.776123046875,430.90008544921875,554.5862426757812,302.1742858886719,618.9659423828125,430.90008544921875
42,148,0.888623058795929,515.9737548828125,430.76275634765625,489.5761413574219,300.3539733886719,542.371337890625,430.76275634765625
42,390,0.7423465251922607,179.24884033203125,479.7002258300781,159.18331909179688,367.6707763671875,199.31436157226562,479.7002258300781
42,181,0.7066059708595276,620.3591918945312,479.19134521484375,601.0189819335938,355.24072265625,639.6994018554688,479.19134521484375
42,30,0.786605715751648,401.5697021484375,452.599365234375,388.49749755859375,385.4814453125,414.6419372558594,452.599365234375
42,259,0.7327248454093933,473.06683349609375,442.64447021484375,450.0562438964844,309.50921630859375,496.077392578125,442.64447021484375
42,8,0.778511643409729,251.09129333496094,215.49647521972656,231.04324340820312,128.27023315429688,271.13934326171875,215.49647521972656
42,271,0.7494441866874695,149.039794921875,325.73388671875,131.33074951171875,222.98907470703125,166.7488250732422,325.73388671875
42,16,0.5374074578285217,159.37527465820312,161.11541748046875,146.26443481445312,93.31151580810547,172.4861297607422,161.11541748046875
42,256,0.5568044185638428,200.39544677734375,145.91995239257812,190.12220764160156,84.1169662475586,210.668701171875,145.91995239257812
43,148,0.9043882489204407,518.23828125,464.1550598144531,492.40643310546875,336.6733703613281,544.0701904296875,464.1550598144531
43,390,0.6104744672775269,192.99447631835938,479.6895751953125,173.39332580566406,369.9656982421875,212.59564208984375,479.6895751953125
43,401,0.6843129396438599,228.33212280273438,156.66159057617188,213.95791625976562,95.31853485107422,242.70631408691406,156.66159057617188
43,271,0.5591448545455933,144.2643280029297,331.536865234375,126.67220306396484,227.62181091308594,161.85646057128906,331.536865234375
43,15,0.7958121299743652,224.48675537109375,242.3942413330078,198.1943359375,152.76473999023438,250.77915954589844,242.3942413330078
43,182,0.832770824432373,183.1521759033203,236.04425048828125,166.52899169921875,143.69818115234375,199.77536010742188,236.04425048828125
44,148,0.8957573175430298,512.609375,477.16455078125,490.9754333496094,377.77435302734375,534.2433471679688,477.16455078125
44,401,0.740393340587616,230.9879913330078,165.9281463623047,215.70144653320312,100.52657318115234,246.2745361328125,165.9281463623047
44,271,0.7402043342590332,144.88304138183594,329.95599365234375,127.24453735351562,225.23318481445312,162.52154541015625,329.95599365234375
44,407,0.5652036070823669,153.52044677734375,124.16620635986328,143.0870819091797,68.9580078125,163.95382690429688,124.16620635986328
44,6,0.7170321345329285,146.4149169921875,240.0779571533203,132.9502716064453,170.29183959960938,159.87954711914062,240.0779571533203
44,71,0.8255159258842468,37.765201568603516,369.4203796386719,15.03248119354248,253.03880310058594,60.4979248046875,369.4203796386719
44,120,0.8000168800354004,183.60726928710938,275.7171630859375,158.58935546875,177.13270568847656,208.62518310546875,275.7171630859375
45,401,0.6134510636329651,238.66592407226562,177.71702575683594,222.97679138183594,110.50592803955078,254.3550567626953,177.71702575683594
45,411,0.7836876511573792,432.424560546875,479.7274169921875,408.4559631347656,408.4336242675781,456.3931884765625,479.7274169921875
45,71,0.7746363282203674,38.09667205810547,348.7602844238281,16.199424743652344,233.94447326660156,59.99392318725586,348.7602844238281
45,120,0.5880650877952576,179.32443237304688,282.63653564453125,155.61973571777344,189.17494201660156,203.02911376953125,282.63653564453125
45,11,0.7895714640617371,268.83135986328125,479.53619384765625,220.9876251220703,357.6105041503906,316.67510986328125,479.53619384765625
45,12,0.7565960884094238,138.26992797851562,304.6208190917969,119.44499969482422,201.24151611328125,157.09486389160156,304.6208190917969
45,256,0.5069242119789124,197.8563995361328,126.26171112060547,186.9903564453125,62.08665084838867,208.72244262695312,126.26171112060547
46,401,0.6539750099182129,246.80233764648438,189.50148010253906,230.1089630126953,117.67023468017578,263.4956970214844,189.50148010253906
46,71,0.7137235403060913,43.9981803894043,327.6180419921875,23.607254028320312,215.93399047851562,64.38910675048828,327.6180419921875
46,11,0.8425450921058655,293.5310974121094,479.68804931640625,248.66444396972656,351.8802490234375,338.3977355957031,479.68804931640625
46,356,0.8405731916427612,119.89791870117188,345.0823669433594,103.71797943115234,230.49563598632812,136.07785034179688,345.0823669433594
46,22,0.6889446973800659,68.9925765991211,350.0274963378906,48.084716796875,231.07040405273438,89.90043640136719,350.0274963378906
46,166,0.6747775673866272,153.49371337890625,210.59466552734375,137.21275329589844,132.0988006591797,169.77468872070312,210.59466552734375
46,386,0.7628171443939209,189.24957275390625,137.88211059570312,178.38917541503906,68.6416244506836,200.10997009277344,137.88211059570312
46,15,0.7983749508857727,208.53009033203125,261.4041442871094,183.41775512695312,168.5155792236328,233.64244079589844,261.4041442871094
47,401,0.7574906349182129,253.77769470214844,201.4474334716797,236.47238159179688,126.76406860351562,271.0830078125,201.4474334716797
47,11,0.8816549181938171,288.3298034667969,479.8467102050781,248.20811462402344,356.904052734375,328.4515075683594,479.8467102050781
47,22,0.8145101070404053,70.3591079711914,378.1650695800781,49.21540451049805,257.60845947265625,91.5028076171875,378.1650695800781
47,386,0.6673704385757446,182.68922424316406,146.8745880126953,171.5498504638672,76.95679473876953,193.82859802246094,146.8745880126953
47,15,0.6753762364387512,209.7624053955078,246.96890258789062,186.86717224121094,157.82203674316406,232.6576385498047,246.96890258789062
47,6,0.6687405109405518,143.8358154296875,228.6133270263672,128.3096923828125,148.0408477783203,159.36195373535156,228.6133270263672
48,401,0.7961272597312927,258.44476318359375,217.41879272460938,239.84591674804688,136.50013732910156,277.0436096191406,217.41879272460938
48,11,0.8302432298660278,266.1932678222656,479.72479248046875,232.1378936767578,373.12750244140625,300.2486572265625,479.72479248046875
48,386,0.7382273077964783,176.99293518066406,158.27484130859375,165.56590270996094,87.53572082519531,188.4199676513672,158.27484130859375
48,15,0.7034172415733337,211.0938262939453,229.2106475830078,189.25717163085938,140.05113220214844,232.93048095703125,229.2106475830078
48,423,0.8632595539093018,24.652179718017578,435.8258361816406,1.153820276260376,302.490234375,48.15053939819336,435.8258361816406
48,424,0.678453266620636,81.42323303222656,277.6593017578125,63.58873748779297,176.93316650390625,99.25772857666016,277.6593017578125
48,166,0.7903473973274231,157.89654541015625,247.1281280517578,140.4339141845703,161.59547424316406,175.3591766357422,247.1281280517578
49,401,0.8476822972297668,253.08639526367188,231.73793029785156,234.22679138183594,149.0308380126953,271.9460144042969,231.73793029785156
49,386,0.8320388197898865,175.21340942382812,173.4564666748047,162.9227294921875,98.5572738647461,187.5041046142578,173.4564666748047
49,15,0.703654944896698,214.46600341796875,208.2312774658203,195.14132690429688,126.55142974853516,233.7906951904297,208.2312774658203
49,427,0.7406818270683289,99.45745086669922,259.0387268066406,84.4195556640625,162.16648864746094,114.49534606933594,259.0387268066406
49,277,0.8731611967086792,552.48779296875,479.67681884765625,517.2819213867188,388.3830261230469,587.6937255859375,479.67681884765625
49,12,0.5274895429611206,144.82553100585938,290.39166259765625,127.67056274414062,195.16094970703125,161.98048400878906,290.39166259765625
50,427,0.7711237668991089,109.44869995117188,237.336181640625,95.33731079101562,146.92051696777344,123.5600814819336,237.336181640625
50,9,0.7998456954956055,561.5330810546875,441.03472900390625,536.0335693359375,313.43157958984375,587.0326538085938,441.03472900390625
50,356,0.7828089594841003,112.11799621582031,324.4098815917969,97.12682342529297,222.799560546875,127.10916900634766,324.4098815917969
50,6,0.8502361178398132,148.400146484375,230.46096801757812,131.9442901611328,142.71083068847656,164.85598754882812,230.46096801757812
51,427,0.8015746474266052,124.56169128417969,217.33766174316406,111.1621322631836,131.8273162841797,137.9612579345703,217.33766174316406
51,6,0.76748126745224,154.00999450683594,220.20603942871094,138.08775329589844,132.72467041015625,169.93223571777344,220.20603942871094
51,13,0.853805661201477,553.8360595703125,368.30810546875,531.6806030273438,254.1101531982422,575.9915771484375,368.30810546875
51,286,0.3926897644996643,292.78424072265625,415.8128662109375,277.6880187988281,313.78680419921875,307.8804931640625,415.8128662109375
51,307,0.9108797907829285,127.452880859375,478.9982604980469,70.88969421386719,363.4014587402344,184.0160675048828,478.9982604980469
51,182,0.6252517700195312,183.62489318847656,234.68650817871094,165.5136260986328,132.70584106445312,201.7361602783203,234.68650817871094
51,386,0.5758104920387268,172.117431640625,151.3928985595703,163.768310546875,102.69606018066406,180.46656799316406,151.3928985595703
52,427,0.5600358843803406,132.6998291015625,180.62576293945312,123.08636474609375,120.91451263427734,142.31329345703125,180.62576293945312
52,6,0.7935234904289246,159.8423309326172,205.9384307861328,144.79734802246094,122.64308166503906,174.88731384277344,205.9384307861328
52,13,0.8243705630302429,552.431640625,330.87176513671875,531.8287353515625,224.23336791992188,573.0344848632812,330.87176513671875
52,307,0.8509230613708496,119.37754821777344,479.1007995605469,64.59930419921875,356.1070556640625,174.15579223632812,479.1007995605469
52,166,0.8018378615379333,163.97723388671875,293.64349365234375,144.96640014648438,200.0517120361328,182.98805236816406,293.64349365234375
52,12,0.7536764740943909,140.13931274414062,264.77935791015625,122.27488708496094,162.97328186035156,158.00375366210938,264.77935791015625
53,6,0.8113282322883606,165.849365234375,190.7547149658203,151.73521423339844,112.0626449584961,179.9635009765625,190.7547149658203
53,307,0.9058572053909302,122.99415588378906,478.91351318359375,74.42440032958984,361.5791015625,171.56390380859375,478.91351318359375
53,440,0.5928560495376587,134.0301055908203,95.68741607666016,124.14232635498047,37.39218521118164,143.9178924560547,95.68741607666016
53,16,0.7942917943000793,134.4847869873047,188.66500854492188,119.81861877441406,112.40010070800781,149.1509552001953,188.66500854492188
53,424,0.8092002868652344,83.4949951171875,294.9460144042969,64.35672760009766,187.0492401123047,102.63326263427734,294.9460144042969
54,6,0.7903518676757812,172.5265350341797,176.8365936279297,159.21310424804688,101.90038299560547,185.8399658203125,176.8365936279297
54,307,0.7357387542724609,126.3013916015625,479.1758117675781,84.54911041259766,371.41009521484375,168.0536651611328,479.1758117675781
54,440,0.35973021388053894,136.40945434570312,102.13875579833984,125.65837860107422,38.94114685058594,147.1605224609375,102.13875579833984
54,16,0.7816272377967834,137.470458984375,182.40789794921875,123.04411315917969,107.05474853515625,151.8968048095703,182.40789794921875
54,193,0.4609264135360718,141.1513671875,92.34404754638672,131.81260681152344,40.31492233276367,150.49014282226562,92.34404754638672
54,356,0.8346991539001465,96.29200744628906,346.3843078613281,80.03291320800781,241.60260009765625,112.55110168457031,346.3843078613281
55,6,0.8060066103935242,179.46484375,165.4079132080078,166.79222106933594,93.90931701660156,192.13748168945312,165.4079132080078
55,448,0.5705639719963074,400.7992248535156,142.9264373779297,393.7589416503906,109.83366394042969,407.8395080566406,142.9264373779297
55,193,0.5666506886482239,141.46743774414062,95.74055480957031,131.9621124267578,42.34239959716797,150.97274780273438,95.74055480957031
55,45,0.41004323959350586,159.5161895751953,88.91646575927734,152.432861328125,44.60401153564453,166.59951782226562,88.91646575927734
55,1,0.8857124447822571,101.80281066894531,479.6600341796875,77.44532775878906,369.7445373535156,126.16028594970703,479.6600341796875
55,22,0.7871566414833069,59.93172836303711,375.5464172363281,39.944679260253906,267.2342834472656,79.91877746582031,375.5464172363281
55,286,0.5977615118026733,294.94964599609375,408.0037536621094,279.5738220214844,301.9254455566406,310.3254699707031,408.0037536621094
55,386,0.7686790227890015,152.76336669921875,163.99234008789062,141.1442413330078,97.09676361083984,164.38247680664062,163.99234008789062
56,6,0.8066803216934204,184.38803100585938,155.21817016601562,172.06715393066406,85.79689025878906,196.70889282226562,155.21817016601562
56,448,0.35182350873947144,400.81298828125,146.24212646484375,393.13946533203125,110.16421508789062,408.4865417480469,146.24212646484375
56,1,0.906678318977356,101.47383117675781,479.9110107421875,75.3643569946289,357.0840759277344,127.58331298828125,479.9110107421875
56,286,0.43832603096961975,294.6239318847656,412.54815673828125,279.72418212890625,308.2790222167969,309.523681640625,412.54815673828125
56,386,0.6954821348190308,152.67572021484375,159.5994415283203,140.7863006591797,91.65902709960938,164.5651397705078,159.5994415283203
57,6,0.6182023882865906,184.01492309570312,145.26954650878906,172.10316467285156,77.97932434082031,195.92666625976562,145.26954650878906
57,448,0.5953116416931152,401.1669921875,144.1118621826172,393.9247131347656,110.02838134765625,408.4093017578125,144.1118621826172
57,1,0.8215286135673523,99.75379943847656,478.0529479980469,72.98664093017578,345.188232421875,126.52095794677734,478.0529479980469
57,286,0.4263003468513489,295.54443359375,413.2069091796875,280.2454833984375,304.9194030761719,310.8433532714844,413.2069091796875
57,452,0.7040108442306519,521.4674072265625,159.69384765625,508.3110046386719,91.7138442993164,534.623779296875,159.69384765625
57,454,0.6235691905021667,470.0975646972656,109.91546630859375,460.0517578125,56.152957916259766,480.14337158203125,109.91546630859375
57,407,0.714006245136261,161.58164978027344,148.004150390625,149.29913330078125,83.30618286132812,173.86416625976562,148.004150390625
58,6,0.6527352929115295,183.72097778320312,135.9940643310547,171.82667541503906,68.64115905761719,195.61526489257812,135.9940643310547
58,448,0.6090052723884583,401.7510986328125,143.73422241210938,394.5582275390625,109.86079406738281,408.9439697265625,143.73422241210938
58,1,0.8866629004478455,106.94723510742188,479.2395935058594,80.95535278320312,348.42938232421875,132.93911743164062,479.2395935058594
58,454,0.6782053112983704,474.01849365234375,115.17920684814453,463.2389831542969,57.48501205444336,484.7980041503906,115.17920684814453
58,459,0.43277880549430847,125.48248291015625,123.63436889648438,115.87850952148438,67.92395782470703,135.08645629882812,123.63436889648438
58,407,0.7559452652931213,159.10946655273438,143.2119140625,146.79727172851562,78.15962219238281,171.42164611816406,143.2119140625
58,15,0.5413227677345276,215.01983642578125,148.97506713867188,195.20159912109375,58.21831512451172,234.8380889892578,148.97506713867188
59,6,0.6259162425994873,193.0264892578125,129.04736328125,181.88894653320312,66.07424926757812,204.1640167236328,129.04736328125
59,454,0.6994562149047852,475.5731506347656,121.80503845214844,464.3243408203125,61.66160583496094,486.82196044921875,121.80503845214844
59,407,0.3787735402584076,158.03350830078125,136.56948852539062,146.06719970703125,72.18975830078125,169.99981689453125,136.56948852539062
59,460,0.6752432584762573,496.1817626953125,121.74882507324219,486.7792053222656,65.02422332763672,505.58428955078125,121.74882507324219
59,307,0.8988427519798279,139.60304260253906,479.0982666015625,96.40223693847656,359.9568786621094,182.80384826660156,479.0982666015625
59,386,0.4910423457622528,144.42236328125,166.4200439453125,129.94309997558594,83.38555145263672,158.90164184570312,166.4200439453125
60,6,0.7294021844863892,196.05960083007812,135.01405334472656,184.07467651367188,67.15992736816406,208.0445098876953,135.01405334472656
60,454,0.6797093152999878,470.8897399902344,128.89163208007812,459.4256591796875,67.64541625976562,482.35382080078125,128.89163208007812
60,460,0.6313628554344177,496.1839599609375,128.068115234375,486.93292236328125,72.53968048095703,505.4350280761719,128.068115234375
60,465,0.5866484642028809,225.7669677734375,124.77176666259766,215.9339141845703,71.0626449584961,235.60003662109375,124.77176666259766
60,271,0.6812174320220947,145.50631713867188,413.02178955078125,126.70909118652344,297.7080383300781,164.30355834960938,413.02178955078125
60,12,0.6865134239196777,152.5270233154297,188.93458557128906,138.2567901611328,107.3793716430664,166.79725646972656,188.93458557128906
60,448,0.4492318034172058,398.9960021972656,144.90858459472656,391.86358642578125,111.69137573242188,406.12841796875,144.90858459472656
60,1,0.8519835472106934,93.38777923583984,477.4688415527344,67.43980407714844,343.71600341796875,119.33575439453125,477.4688415527344
60,459,0.5044162273406982,127.83381652832031,133.03636169433594,117.5888442993164,73.66131591796875,138.0787811279297,133.03636169433594
61,6,0.6229018568992615,198.82098388671875,144.2388153076172,187.38348388671875,79.96563720703125,210.2584686279297,144.2388153076172
61,454,0.6549157500267029,470.47576904296875,138.16897583007812,458.4027099609375,73.98563385009766,482.5487976074219,138.16897583007812
61,460,0.5953118801116943,495.05572509765625,136.35365295410156,485.22027587890625,77.59407806396484,504.8912048339844,136.35365295410156
61,465,0.7351477742195129,222.92996215820312,136.29034423828125,212.534912109375,79.614990234375,233.32501220703125,136.29034423828125
61,468,0.5664628744125366,181.46682739257812,479.16949462890625,159.33802795410156,352.40948486328125,203.59561157226562,479.16949462890625
61,12,0.7958602905273438,150.76962280273438,195.7810821533203,136.31466674804688,115.2928466796875,165.2245635986328,195.7810821533203
61,307,0.8756783604621887,136.6551055908203,479.287109375,92.39046478271484,346.5851745605469,180.9197540283203,479.287109375
62,454,0.6714341640472412,474.181640625,146.77127075195312,461.56396484375,79.73291015625,486.7993469238281,146.77127075195312
62,460,0.6521309614181519,498.09332275390625,144.86697387695312,488.0220642089844,85.00850677490234,508.16455078125,144.86697387695312
62,468,0.738688588142395,179.43922424316406,479.38922119140625,158.13497924804688,357.4656677246094,200.74346923828125,479.38922119140625
62,470,0.8533472418785095,209.71810913085938,265.4625244140625,181.1770477294922,167.61082458496094,238.2591552734375,265.4625244140625
62,307,0.8830916881561279,135.60531616210938,479.3507385253906,93.57017517089844,344.3206481933594,177.64047241210938,479.3507385253906
62,244,0.6387021541595459,412.4465637207031,158.0102081298828,398.5769958496094,89.27137756347656,426.3161315917969,158.0102081298828
62,424,0.7891688942909241,85.74512481689453,302.2757873535156,67.1043930053711,200.52854919433594,104.38585662841797,302.2757873535156
63,454,0.6897948980331421,481.21240234375,155.9882354736328,468.19122314453125,86.62438201904297,494.23358154296875,155.9882354736328
63,460,0.6040200591087341,504.6318359375,154.5596466064453,494.17608642578125,92.73634338378906,515.0875854492188,154.5596466064453
63,468,0.5527470707893372,184.37908935546875,479.3661193847656,162.54078674316406,354.4992370605469,206.2174072265625,479.3661193847656
63,470,0.7926331162452698,218.74061584472656,259.3434143066406,187.9481964111328,152.8941650390625,249.5330352783203,259.3434143066406
63,307,0.8802691102027893,134.565673828125,479.40789794921875,94.52418518066406,343.5314025878906,174.60716247558594,479.40789794921875
63,244,0.5329051613807678,407.093994140625,170.5001220703125,391.3645935058594,97.51404571533203,422.8233947753906,170.5001220703125
63,120,0.8053529858589172,163.61972045898438,266.5212097167969,141.53903198242188,171.76925659179688,185.7003936767578,266.5212097167969
63,286,0.5631271600723267,295.47613525390625,405.684814453125,281.75750732421875,309.344482421875,309.1947937011719,405.684814453125
63,12,0.5257155299186707,156.9718475341797,183.5386199951172,143.95858764648438,113.07244110107422,169.985107421875,183.5386199951172
64,454,0.7281074523925781,489.2260437011719,167.46360778808594,475.58941650390625,94.35366821289062,502.8626708984375,167.46360778808594
64,468,0.5931845903396606,190.814453125,479.1512145996094,168.9849090576172,354.2208251953125,212.64401245117188,479.1512145996094
64,470,0.8433393239974976,230.101318359375,235.57583618164062,201.45849609375,135.59231567382812,258.744140625,235.57583618164062
64,307,0.8753756284713745,134.5526123046875,479.4652099609375,96.42976379394531,344.0015869140625,172.67547607421875,479.4652099609375
64,244,0.6871311664581299,411.3898010253906,185.49053955078125,394.5673522949219,109.13263702392578,428.2122497558594,185.49053955078125
64,286,0.5655404925346375,296.837158203125,403.7021789550781,281.94195556640625,301.2269592285156,311.7323303222656,403.7021789550781
64,12,0.657029390335083,152.53756713867188,193.6865234375,138.96026611328125,122.98802947998047,166.11488342285156,193.6865234375
64,452,0.6100512742996216,514.229736328125,165.76010131835938,501.8252868652344,101.2789535522461,526.6342163085938,165.76010131835938
64,6,0.48748156428337097,212.49232482910156,126.63850402832031,201.54689025878906,65.46565246582031,223.43775939941406,126.63850402832031
65,454,0.7634427547454834,493.46868896484375,179.32972717285156,479.2590637207031,102.84386444091797,507.67828369140625,179.32972717285156
65,468,0.5940977334976196,192.32974243164062,478.37457275390625,170.2812957763672,352.3328857421875,214.378173828125,478.37457275390625
65,470,0.7135162353515625,240.5380401611328,214.54705810546875,214.02951049804688,120.74249267578125,267.04656982421875,214.54705810546875
65,307,0.8841084837913513,134.3544464111328,479.5210876464844,97.8148193359375,344.2903747558594,170.89407348632812,479.5210876464844
65,452,0.6729486584663391,518.0230712890625,174.59242248535156,505.2569885253906,108.64077758789062,530.7891845703125,174.59242248535156
65,6,0.5730168223381042,212.739501953125,131.11679077148438,201.4431915283203,68.141357421875,224.03582763671875,131.11679077148438
65,401,0.8127092123031616,318.83538818359375,414.7769775390625,293.44610595703125,300.9078063964844,344.2246398925781,414.7769775390625
65,182,0.8250271677970886,171.761962890625,226.39112854003906,156.38473510742188,141.6149444580078,187.13917541503906,226.39112854003906
65,424,0.7427844405174255,85.3826904296875,300.1637268066406,66.79188537597656,198.83140563964844,103.9734878540039,300.1637268066406
66,454,0.7987855672836304,495.56939697265625,190.4466552734375,480.95758056640625,112.1058578491211,510.1812438964844,190.4466552734375
66,468,0.5861822366714478,191.64956665039062,478.16998291015625,169.55882263183594,352.5055236816406,213.74032592773438,478.16998291015625
66,470,0.4860445559024811,245.43338012695312,197.2356414794922,218.61322021484375,100.61306762695312,272.2535400390625,197.2356414794922
66,307,0.8676015138626099,135.4740447998047,479.5714416503906,100.0391616821289,343.8041076660156,170.90892028808594,479.5714416503906
66,452,0.7500274777412415,522.1607055664062,185.9792022705078,509.1512145996094,118.76644897460938,535.1702270507812,185.9792022705078
66,401,0.8868557214736938,332.23876953125,438.3612976074219,305.8118591308594,318.1788024902344,358.6656799316406,438.3612976074219
66,277,0.8010647892951965,504.66046142578125,479.7223205566406,478.9924011230469,415.3663635253906,530.3285522460938,479.7223205566406
66,465,0.7657173275947571,213.98828125,192.63836669921875,200.37672424316406,118.16060638427734,227.59983825683594,192.63836669921875
66,120,0.7853531241416931,150.221435546875,261.59832763671875,129.3824920654297,167.0472412109375,171.06036376953125,261.59832763671875
66,12,0.6320396661758423,155.5675048828125,186.05125427246094,141.7057342529297,116.42093658447266,169.42926025390625,186.05125427246094
67,454,0.803135871887207,498.125,203.50765991210938,482.5725402832031,120.2841796875,513.6774291992188,203.50765991210938
67,468,0.6587514877319336,190.72109985351562,479.15753173828125,168.45364379882812,353.4596252441406,212.98855590820312,479.15753173828125
67,307,0.8667522668838501,135.94625854492188,479.6158142089844,101.41313171386719,343.7331237792969,170.47938537597656,479.6158142089844
67,452,0.6429641246795654,525.967041015625,199.1402130126953,512.2261962890625,128.04151916503906,539.7078247070312,199.1402130126953
67,497,0.7974172830581665,590.7106323242188,479.7763977050781,545.6769409179688,383.8497314453125,635.7443237304688,479.7763977050781
67,499,0.801277220249176,439.07452392578125,269.5040283203125,414.2294006347656,172.64120483398438,463.91961669921875,269.5040283203125
67,465,0.6581718921661377,215.63946533203125,187.32196044921875,202.21951293945312,113.38272094726562,229.05941772460938,187.32196044921875
67,12,0.6841559410095215,155.049560546875,204.21377563476562,138.80364990234375,124.27912902832031,171.29547119140625,204.21377563476562
67,390,0.8506832718849182,318.9935302734375,480.0,296.0567626953125,353.4639587402344,341.9302673339844,480.0
67,182,0.781907320022583,174.59378051757812,260.7652587890625,158.2025146484375,170.94911193847656,190.9850616455078,260.7652587890625
68,454,0.805942952632904,501.94512939453125,220.96710205078125,485.6610412597656,134.12037658691406,518.229248046875,220.96710205078125
68,468,0.5405153036117554,190.9276123046875,478.9197082519531,168.8317413330078,354.4614562988281,213.02346801757812,478.9197082519531
68,307,0.8585353493690491,136.23092651367188,479.657470703125,102.668212890625,343.6999816894531,169.7936248779297,479.657470703125
68,452,0.7550367712974548,532.6321411132812,215.68406677246094,517.7548217773438,139.06231689453125,547.5094604492188,215.68406677246094
68,499,0.7580083012580872,442.35498046875,306.74993896484375,415.0599060058594,200.3524627685547,469.65008544921875,306.74993896484375
68,356,0.8369497656822205,67.14671325683594,337.9046630859375,49.88974380493164,231.28244018554688,84.4036865234375,337.9046630859375
68,470,0.5373823046684265,249.21908569335938,168.49856567382812,227.5510711669922,88.70091247558594,270.8870849609375,168.49856567382812
68,120,0.7165688872337341,144.06883239746094,236.7147979736328,125.03258514404297,150.23724365234375,163.10507202148438,236.7147979736328
69,454,0.8292927742004395,504.2978210449219,238.87635803222656,487.20550537109375,147.84376525878906,521.39013671875,238.87635803222656
69,468,0.5555412769317627,191.8535614013672,478.7951354980469,170.2724609375,357.773193359375,213.43466186523438,478.7951354980469
69,307,0.6413571238517761,141.22801208496094,479.490234375,116.89554595947266,385.5513916015625,165.56048583984375,479.490234375
69,452,0.8162106275558472,537.455810546875,234.64682006835938,521.5626220703125,153.0155029296875,553.3489990234375,234.64682006835938
69,499,0.7981554865837097,429.83892822265625,351.29583740234375,400.5229187011719,236.19009399414062,459.1549072265625,351.29583740234375
69,508,0.5717812776565552,219.13739013671875,161.0911102294922,207.41732788085938,91.406005859375,230.8574676513672,161.0911102294922
69,509,0.5780051946640015,201.57838439941406,167.0574188232422,190.88619995117188,99.729736328125,212.27056884765625,167.0574188232422
69,120,0.8182518482208252,136.6544189453125,248.63211059570312,117.17425537109375,159.03172302246094,156.1345672607422,248.63211059570312
69,423,0.7574010491371155,16.439069747924805,385.260986328125,0.0,265.778076171875,32.87813949584961,385.260986328125
69,271,0.6169915199279785,142.19900512695312,437.13494873046875,123.1588134765625,344.1516418457031,161.2392120361328,437.13494873046875
69,459,0.4624073803424835,141.82489013671875,157.0283203125,132.10911560058594,101.75127410888672,151.5406494140625,157.0283203125
69,12,0.6470017433166504,165.8265380859375,193.88815307617188,150.52053833007812,119.07039642333984,181.13255310058594,193.88815307617188
70,454,0.8747830390930176,511.8712158203125,260.0339050292969,493.6545104980469,163.05616760253906,530.087890625,260.0339050292969
70,468,0.5529611706733704,191.20968627929688,479.0094909667969,169.1530303955078,355.7576599121094,213.266357421875,479.0094909667969
70,307,0.8521829843521118,135.79815673828125,479.75836181640625,104.31478118896484,354.3036193847656,167.2815399169922,479.75836181640625
70,452,0.7977757453918457,547.6842041015625,253.99026489257812,530.8372802734375,168.59103393554688,564.5311279296875,253.99026489257812
70,499,0.7860875725746155,415.7171630859375,404.49658203125,383.8625183105469,279.2267150878906,447.57183837890625,404.49658203125
70,508,0.5756210088729858,224.9200439453125,149.93563842773438,212.8389129638672,78.2048110961914,237.00115966796875,149.93563842773438
70,509,0.6505489945411682,206.27206420898438,179.45909118652344,194.5894317626953,106.01554107666016,217.95468139648438,179.45909118652344
70,120,0.7361456751823425,132.4246368408203,267.807373046875,112.58238983154297,176.09239196777344,152.26687622070312,267.807373046875
70,423,0.49800634384155273,18.231128692626953,357.3156433105469,0.0,236.8968505859375,36.462257385253906,357.3156433105469
70,12,0.6583089828491211,175.75277709960938,187.88711547851562,161.0469512939453,114.32670593261719,190.45858764648438,187.88711547851562
70,1,0.7963865399360657,71.19601440429688,479.1950988769531,51.72402572631836,382.715576171875,90.66800689697266,479.1950988769531
71,454,0.8288270831108093,518.128662109375,285.244384765625,498.7921142578125,181.9553985595703,537.4652099609375,285.244384765625
71,468,0.655545711517334,193.62313842773438,478.36016845703125,171.93577575683594,357.1540832519531,215.31048583984375,478.36016845703125
71,307,0.8557944297790527,135.19554138183594,479.75665283203125,102.8181381225586,347.6335144042969,167.5729522705078,479.75665283203125
71,452,0.8411582708358765,555.7876586914062,278.8380432128906,537.7479248046875,188.1343536376953,573.827392578125,278.8380432128906
71,120,0.7928878664970398,120.71540069580078,295.04107666015625,99.42430114746094,195.46461486816406,142.00650024414062,295.04107666015625
71,12,0.5752254724502563,180.39236450195312,192.57894897460938,166.3994140625,120.63249969482422,194.3852996826172,192.57894897460938
71,22,0.8064085245132446,54.480350494384766,416.7408752441406,32.87816619873047,307.59368896484375,76.08253479003906,416.7408752441406
71,401,0.8364567160606384,364.15435791015625,480.0,334.3106994628906,342.49407958984375,393.99798583984375,480.0
71,465,0.6827221512794495,211.70263671875,201.3698272705078,197.72732543945312,124.1795654296875,225.67796325683594,201.3698272705078
71,182,0.6264492869377136,170.96060180664062,295.3600769042969,154.35983276367188,204.06346130371094,187.56138610839844,295.3600769042969
71,356,0.6162676215171814,62.337440490722656,316.18011474609375,45.55912399291992,215.72230529785156,79.11576080322266,316.18011474609375
72,454,0.8337292075157166,527.4244995117188,312.81207275390625,506.94586181640625,203.46385192871094,547.9031372070312,312.81207275390625
72,468,0.5030675530433655,184.89256286621094,478.4537658691406,162.5823974609375,353.83160400390625,207.20272827148438,478.4537658691406
72,307,0.8873222470283508,134.0379180908203,479.78729248046875,101.89868927001953,344.77764892578125,166.17713928222656,479.78729248046875
72,452,0.8282651901245117,566.1126708984375,308.47296142578125,546.8477172851562,211.1580047607422,585.3775634765625,308.47296142578125
72,120,0.5035879015922546,110.50965881347656,287.7816162109375,90.1695556640625,189.87155151367188,130.84976196289062,287.7816162109375
72,520,0.8299262523651123,23.575410842895508,479.63311767578125,0.0,363.58978271484375,47.150821685791016,479.63311767578125
72,523,0.6299387216567993,210.34361267089844,127.18959045410156,197.26925659179688,63.21479415893555,223.41796875,127.18959045410156
72,524,0.7505136132240295,185.91502380371094,130.2398223876953,174.1900634765625,70.08599853515625,197.63998413085938,130.2398223876953
72,424,0.7477952241897583,87.10675048828125,344.857421875,66.40824890136719,234.68736267089844,107.80524444580078,344.857421875
73,454,0.8175177574157715,538.40673828125,343.34600830078125,516.5888671875,226.60687255859375,560.224609375,343.34600830078125
73,468,0.5058321952819824,182.07171630859375,478.9620666503906,159.8882293701172,355.7672119140625,204.25521850585938,478.9620666503906
73,307,0.8701472282409668,133.84329223632812,479.81646728515625,102.365478515625,343.6873474121094,165.3210906982422,479.81646728515625
73,452,0.7576967477798462,576.19873046875,336.3239440917969,556.2658081054688,234.6175537109375,596.1316528320312,336.3239440917969
73,520,0.8639043569564819,24.171142578125,479.9090270996094,0.0,363.082275390625,48.34228515625,479.9090270996094
73,523,0.6120679378509521,205.989013671875,119.98753356933594,192.98727416992188,56.219993591308594,218.99073791503906,119.98753356933594
73,530,0.7589730620384216,176.11036682128906,241.0303497314453,154.8814697265625,159.9583740234375,197.33926391601562,241.0303497314453
73,423,0.7851423621177673,25.400943756103516,372.1366882324219,6.495719909667969,265.0329284667969,44.30616760253906,372.1366882324219
73,465,0.836676299571991,209.55801391601562,235.92723083496094,193.9635467529297,149.73013305664062,225.15248107910156,235.92723083496094
73,356,0.508089542388916,57.182350158691406,297.4380187988281,39.8962287902832,198.68807983398438,74.46847534179688,297.4380187988281
74,454,0.8043867945671082,536.791748046875,375.2564392089844,513.7894897460938,253.0273895263672,559.7939453125,375.2564392089844
74,468,0.5440387725830078,180.77220153808594,479.56475830078125,158.64492797851562,357.42083740234375,202.89947509765625,479.56475830078125
74,307,0.8617569804191589,134.38040161132812,479.84027099609375,103.5883560180664,342.7714538574219,165.17245483398438,479.84027099609375
74,452,0.8413552641868591,578.6773681640625,370.731689453125,557.3595581054688,262.376220703125,599.9952392578125,370.731689453125
74,520,0.7251094579696655,21.820138931274414,479.7024841308594,0.0,377.7167053222656,43.64027786254883,479.7024841308594
74,523,0.6299155354499817,195.87625122070312,112.63005065917969,183.30555725097656,50.752315521240234,208.4469451904297,112.63005065917969
74,530,0.7148886919021606,185.4787139892578,265.12420654296875,161.67269897460938,173.6171875,209.28472900390625,265.12420654296875
74,532,0.6333475112915039,172.74343872070312,110.85786437988281,162.63174438476562,56.25843048095703,182.85513305664062,110.85786437988281
74,423,0.6697797179222107,21.081684112548828,344.726806640625,2.514568328857422,239.98837280273438,39.648799896240234,344.726806640625
74,459,0.6458794474601746,143.24755859375,173.7540740966797,131.3349151611328,106.83765411376953,155.1602020263672,173.7540740966797
74,424,0.50801020860672,76.28927612304688,347.0948486328125,55.63710021972656,240.18531799316406,96.94145965576172,347.0948486328125
75,454,0.8496410250663757,529.9736328125,414.36163330078125,504.95135498046875,281.8386535644531,554.9959106445312,414.36163330078125
75,468,0.6659301519393921,180.81039428710938,479.31707763671875,159.3750762939453,360.690185546875,202.24571228027344,479.31707763671875
75,307,0.8737156987190247,134.26849365234375,479.859375,104.17706298828125,342.4332580566406,164.35992431640625,479.859375
75,523,0.6027538180351257,187.3257598876953,105.48094940185547,175.06106567382812,44.82582473754883,199.5904541015625,105.48094940185547
75,536,0.8607252240180969,146.05545043945312,297.3165283203125,130.52378845214844,198.73281860351562,161.58709716796875,297.3165283203125
75,459,0.7482612729072571,143.09263610839844,163.84359741210938,131.16754150390625,98.90042877197266,155.01773071289062,163.84359741210938
75,13,0.8412573933601379,573.5750122070312,427.42926025390625,549.4906616210938,306.74078369140625,597.6593627929688,427.42926025390625
75,120,0.768575131893158,87.01665496826172,301.88201904296875,67.49333190917969,204.88742065429688,106.53997802734375,301.88201904296875
76,454,0.9090551137924194,523.1871337890625,458.1873779296875,496.71759033203125,318.17803955078125,549.6566772460938,458.1873779296875
76,468,0.6721556186676025,184.83160400390625,479.1558837890625,162.65280151367188,355.9812316894531,207.01039123535156,479.1558837890625
76,307,0.8815203905105591,133.50328063964844,479.87579345703125,104.15555572509766,342.8955383300781,162.8509979248047,479.87579345703125
76,523,0.6779411435127258,177.72842407226562,97.40380096435547,166.26702880859375,40.35223388671875,189.18980407714844,97.40380096435547
76,13,0.8541404604911804,571.6390380859375,457.6095886230469,546.5718383789062,333.61944580078125,596.706298828125,457.6095886230469
76,120,0.8090171217918396,83.15081787109375,325.8636779785156,63.40829849243164,226.3222198486328,102.89334106445312,325.8636779785156
76,520,0.7418065667152405,20.15797233581543,475.86773681640625,0.0,356.930419921875,40.31594467163086,475.86773681640625
77,454,0.8983522653579712,510.120849609375,479.03302001953125,485.7825012207031,354.2371520996094,534.4591674804688,479.03302001953125
77,468,0.6979273557662964,184.639404296875,479.62152099609375,162.37599182128906,354.9933776855469,206.90283203125,479.62152099609375
77,307,0.8797609806060791,133.69906616210938,479.8904724121094,105.03524017333984,343.21588134765625,162.36289978027344,479.8904724121094
77,523,0.7722798585891724,168.63125610351562,91.6771011352539,157.9381866455078,38.2785530090332,179.32432556152344,91.6771011352539
77,520,0.8181647658348083,21.49587059020996,476.3301086425781,0.0,352.22802734375,42.99174118041992,476.3301086425781
77,497,0.8500456809997559,550.9295654296875,479.7106018066406,507.40899658203125,382.4081115722656,594.4501953125,479.7106018066406
78,454,0.8277247548103333,511.6417236328125,480.0,494.4379577636719,408.8918151855469,528.845458984375,480.0
78,468,0.7530930042266846,183.66940307617188,479.803955078125,161.2211151123047,353.21612548828125,206.11770629882812,479.803955078125
78,307,0.8782599568367004,133.76797485351562,479.90325927734375,105.76811981201172,343.4389343261719,161.76783752441406,479.90325927734375
78,555,0.7613839507102966,511.411865234375,144.3168182373047,500.2110290527344,81.84580993652344,522.6126708984375,144.3168182373047
78,45,0.7156856656074524,173.987548828125,86.68697357177734,164.90415954589844,31.622880935668945,183.07095336914062,86.68697357177734
78,277,0.897098183631897,459.35748291015625,479.8985290527344,431.40838623046875,414.04339599609375,487.30657958984375,479.8985290527344
78,423,0.7938048243522644,16.94341278076172,367.25946044921875,0.0,252.93325805664062,33.88682556152344,367.25946044921875
79,468,0.6762929558753967,183.6449432373047,479.70269775390625,160.81289672851562,349.7735290527344,206.47698974609375,479.70269775390625
79,307,0.874570369720459,134.4326171875,479.91448974609375,106.99205017089844,343.4416809082031,161.8731689453125,479.91448974609375
79,390,0.7775833010673523,361.64703369140625,448.75933837890625,338.4237365722656,318.0464172363281,384.870361328125,448.75933837890625
79,120,0.7741042971611023,68.83322143554688,332.795166015625,47.944454193115234,225.00393676757812,89.72199249267578,332.795166015625
80,468,0.5733886957168579,185.4275665283203,478.9228210449219,162.61532592773438,349.790771484375,208.23980712890625,478.9228210449219
80,307,0.8860597610473633,134.3739013671875,479.9244079589844,107.43621063232422,343.7278137207031,161.31158447265625,479.9244079589844
80,565,0.4259769022464752,249.2587890625,264.9255065917969,230.4713897705078,200.8013916015625,268.0461730957031,264.9255065917969
80,448,0.7842414379119873,390.7277526855469,146.45321655273438,377.8860778808594,85.9384536743164,403.5694274902344,146.45321655273438
81,468,0.6438791155815125,185.62998962402344,476.9494934082031,163.253662109375,349.564208984375,208.00631713867188,476.9494934082031
81,307,0.8847452998161316,134.46804809570312,479.933349609375,107.92798614501953,343.6714172363281,161.0081024169922,479.933349609375
81,565,0.4533379375934601,248.5088348388672,265.48248291015625,232.28631591796875,210.07916259765625,264.7313537597656,265.48248291015625
81,536,0.8499705791473389,145.9659881591797,260.19561767578125,130.73788452148438,163.7173309326172,161.194091796875,260.19561767578125
81,520,0.8226813077926636,23.82417106628418,478.9244079589844,5.188385486602783,399.9236145019531,42.459957122802734,478.9244079589844
82,468,0.7100308537483215,185.95306396484375,477.95361328125,163.62274169921875,350.44775390625,208.28338623046875,477.95361328125
82,307,0.83547043800354,133.95957946777344,472.81988525390625,109.00548553466797,343.70111083984375,158.91366577148438,472.81988525390625
82,465,0.6667261123657227,207.4889678955078,267.0888366699219,196.0652313232422,214.05255126953125,218.91270446777344,267.0888366699219
83,468,0.5560311675071716,184.92835998535156,456.5609130859375,165.8693389892578,349.88800048828125,203.9873809814453,456.5609130859375
83,307,0.8757914304733276,133.80238342285156,477.3713073730469,108.31365203857422,343.8570556640625,159.29112243652344,477.3713073730469
83,574,0.7986645698547363,182.773681640625,214.23866271972656,162.67982482910156,127.32820129394531,202.8675537109375,214.23866271972656
83,166,0.43719393014907837,189.70692443847656,479.7793273925781,173.08554077148438,411.4608154296875,206.32830810546875,479.7793273925781
84,468,0.6629250049591064,185.36123657226562,472.1458740234375,164.36587524414062,353.946533203125,206.3566131591797,472.1458740234375
84,307,0.8615220189094543,133.22854614257812,479.010986328125,107.74696350097656,344.5248718261719,158.7101287841797,479.010986328125
84,574,0.8157012462615967,180.22915649414062,194.89114379882812,161.9938201904297,116.12996673583984,198.46449279785156,194.89114379882812
84,580,0.8883103728294373,360.6174621582031,478.28302001953125,310.2339172363281,352.0421142578125,411.0010070800781,478.28302001953125
84,390,0.8795198798179626,400.9198913574219,476.325927734375,375.3443298339844,335.5461120605469,426.4954528808594,476.325927734375
85,468,0.6594018340110779,184.98184204101562,475.5505065917969,163.3511962890625,354.37518310546875,206.6124725341797,475.5505065917969
85,307,0.8671624064445496,133.41143798828125,479.6008605957031,108.07954406738281,344.1725158691406,158.7433319091797,479.6008605957031
85,390,0.8723173141479492,418.88232421875,445.95587158203125,393.43548583984375,304.7180480957031,444.32916259765625,445.95587158203125
85,22,0.8208617568016052,71.07359313964844,464.54571533203125,47.72144317626953,339.18212890625,94.42575073242188,464.54571533203125
85,459,0.8195868134498596,159.10134887695312,177.53775024414062,145.36097717285156,103.04683685302734,172.84170532226562,177.53775024414062
86,468,0.6593570709228516,184.37530517578125,478.1768798828125,162.2398681640625,353.0052185058594,206.51072692871094,478.1768798828125
86,307,0.8773413300514221,133.67245483398438,479.8760681152344,108.64051818847656,344.1391296386719,158.70437622070312,479.8760681152344
86,588,0.880636990070343,321.8138427734375,438.8854064941406,296.1537170410156,318.48004150390625,347.47393798828125,438.8854064941406
86,589,0.7151275277137756,138.31576538085938,100.19866180419922,128.76206970214844,50.245094299316406,147.86944580078125,100.19866180419922
86,22,0.8159303069114685,79.82418060302734,475.66546630859375,59.09691619873047,378.4421691894531,100.55144500732422,475.66546630859375
87,468,0.6732203364372253,183.81643676757812,477.54229736328125,161.01747131347656,346.76123046875,206.61538696289062,477.54229736328125
87,307,0.8712547421455383,134.3255157470703,478.499755859375,109.7304458618164,344.07421875,158.92059326171875,478.499755859375
87,589,0.7376564741134644,138.58746337890625,107.508056640625,128.3324737548828,54.0969123840332,148.8424530029297,107.508056640625
87,286,0.7623687386512756,303.930419921875,405.0209655761719,285.938232421875,287.9822082519531,321.922607421875,405.0209655761719
88,468,0.6774013638496399,184.18214416503906,477.8656921386719,161.80905151367188,349.37188720703125,206.55523681640625,477.8656921386719
88,307,0.887890636920929,134.60244750976562,479.4609680175781,110.01602935791016,343.9871520996094,159.18887329101562,479.4609680175781
88,589,0.588823676109314,143.32823181152344,115.73603820800781,132.67855834960938,60.569705963134766,153.9779052734375,115.73603820800781
88,595,0.8977258801460266,460.3887023925781,282.1017761230469,441.41204833984375,176.28958129882812,479.3653564453125,282.1017761230469
88,596,0.8796953558921814,428.93096923828125,282.3881530761719,412.38922119140625,182.472412109375,445.4726867675781,282.3881530761719
89,468,0.7472102046012878,185.693359375,479.4240417480469,163.62071228027344,352.6969909667969,207.76602172851562,479.4240417480469
89,307,0.8887894153594971,134.58389282226562,479.823486328125,110.16705322265625,344.05224609375,159.000732421875,479.823486328125
89,589,0.6232417225837708,150.72579956054688,124.505615234375,139.46852111816406,66.47160339355469,161.9830780029297,124.505615234375
89,595,0.8335361480712891,459.06988525390625,253.93939208984375,441.26531982421875,154.55006408691406,476.8744201660156,253.93939208984375
89,596,0.8085922002792358,425.54058837890625,252.5969696044922,409.8056640625,157.5419921875,441.2755126953125,252.5969696044922
89,601,0.7070043683052063,126.09542846679688,96.9854736328125,117.18822479248047,48.360416412353516,135.00262451171875,96.9854736328125
89,497,0.7631605863571167,479.9118347167969,479.7284240722656,435.863037109375,370.1392822265625,523.9606323242188,479.7284240722656
90,468,0.7512590289115906,185.56484985351562,479.8954162597656,163.4236602783203,351.8584289550781,207.70603942871094,479.8954162597656
90,307,0.8693026304244995,134.81396484375,479.9601135253906,110.5050048828125,344.1578674316406,159.12290954589844,479.9601135253906
90,595,0.8380386233329773,456.26239013671875,220.1180419921875,439.8602294921875,128.2803497314453,472.6645202636719,220.1180419921875
90,596,0.83550626039505,427.371337890625,218.3693084716797,412.8522644042969,131.1314239501953,441.89044189453125,218.3693084716797
90,407,0.7349448204040527,168.635986328125,134.97947692871094,156.78335571289062,70.76487731933594,180.48863220214844,134.97947692871094
91,468,0.4582175016403198,185.08358764648438,475.593017578125,164.29342651367188,355.1984558105469,205.87376403808594,475.593017578125
91,307,0.8525775671005249,134.24310302734375,478.9137268066406,110.18907928466797,344.134765625,158.297119140625,478.9137268066406
91,595,0.764549970626831,454.18841552734375,207.50167846679688,438.6070861816406,119.34424591064453,469.769775390625,207.50167846679688
91,524,0.6559420228004456,189.4464874267578,140.1400146484375,175.94305419921875,72.0666275024414,202.94992065429688,140.1400146484375
91,424,0.7931417226791382,81.5780258178711,440.8883972167969,57.9332275390625,320.7043762207031,105.22282409667969,440.8883972167969
91,589,0.35497036576271057,156.7645263671875,147.08609008789062,144.40017700195312,82.85554504394531,169.12889099121094,147.08609008789062
92,468,0.6845754981040955,185.64767456054688,476.1768493652344,164.0294647216797,350.6635437011719,207.265869140625,476.1768493652344
92,307,0.8803824782371521,133.85464477539062,479.6144714355469,109.86593627929688,344.2729797363281,157.84336853027344,479.6144714355469
92,524,0.7046172618865967,198.64511108398438,145.44825744628906,185.21551513671875,78.82537841796875,212.07472229003906,145.44825744628906
92,424,0.8834594488143921,66.1859359741211,468.1814880371094,41.540069580078125,342.83868408203125,90.83180236816406,468.1814880371094
92,536,0.7622063159942627,145.0312957763672,162.71347045898438,132.820068359375,87.2523422241211,157.24252319335938,162.71347045898438
92,574,0.6309494376182556,169.14028930664062,158.51414489746094,147.43882751464844,61.68394088745117,190.84173583984375,158.51414489746094
92,407,0.5242472290992737,173.17031860351562,152.58108520507812,160.75001525878906,80.37831115722656,185.59060668945312,152.58108520507812
93,468,0.6555861830711365,184.6640625,476.0422668457031,163.71400451660156,355.356689453125,205.6141357421875,476.0422668457031
93,307,0.861420214176178,133.56277465820312,479.8787841796875,109.74211883544922,344.2435302734375,157.3834228515625,479.8787841796875
93,424,0.9111642241477966,74.02229309082031,478.2170104980469,50.70305252075195,362.5190734863281,97.3415298461914,478.2170104980469
93,536,0.7668960690498352,148.959228515625,165.697998046875,136.60345458984375,89.51900482177734,161.31500244140625,165.697998046875
93,407,0.7248048782348633,174.52496337890625,161.69126892089844,162.54190063476562,90.40364837646484,186.50802612304688,161.69126892089844
94,468,0.70212721824646,184.7181854248047,477.1942443847656,162.67283630371094,351.2048034667969,206.76353454589844,477.1942443847656
94,307,0.8226301670074463,131.05117797851562,479.76751708984375,112.04560089111328,377.4945373535156,150.05674743652344,479.76751708984375
94,536,0.652122437953949,144.46998596191406,152.04421997070312,132.9980010986328,82.5403823852539,155.9419708251953,152.04421997070312
94,407,0.6185712218284607,175.390625,170.14645385742188,163.38241577148438,97.9081039428711,187.3988494873047,170.14645385742188
94,616,0.7534757256507874,220.23829650878906,172.24502563476562,205.95260620117188,100.71560668945312,234.52398681640625,172.24502563476562
94,589,0.5355474948883057,158.82595825195312,171.83139038085938,145.31130981445312,100.0231704711914,172.3406219482422,171.83139038085938
95,468,0.6664573550224304,183.8026885986328,462.2248840332031,163.48374938964844,349.3443908691406,204.1216278076172,462.2248840332031
95,307,0.8878998756408691,132.473876953125,479.9493103027344,109.26593780517578,354.05078125,155.6818084716797,479.9493103027344
95,407,0.6777203679084778,180.3017578125,175.7584686279297,166.8570556640625,93.64855194091797,193.7464599609375,175.7584686279297
95,616,0.7089672684669495,213.92922973632812,185.9014892578125,198.81723022460938,110.18978881835938,229.0412139892578,185.9014892578125
95,589,0.793849527835846,156.63983154296875,181.9835205078125,142.17483520507812,104.5394287109375,171.10482788085938,181.9835205078125
95,1,0.8734391331672668,26.401058197021484,470.10150146484375,0.8289726972579956,344.5824890136719,51.97314453125,470.10150146484375
96,468,0.4689517915248871,188.5354461669922,470.2892150878906,167.16810607910156,353.6517639160156,209.9027862548828,470.2892150878906
96,307,0.6958186626434326,134.5637969970703,479.6723937988281,110.3564453125,348.4035339355469,158.77114868164062,479.6723937988281
96,616,0.4568852484226227,210.94100952148438,176.8323211669922,194.61585998535156,94.55888366699219,227.26614379882812,176.8323211669922
96,589,0.750438928604126,158.9524383544922,191.85684204101562,143.67739868164062,110.08546447753906,174.22747802734375,191.85684204101562
96,622,0.5413995981216431,202.57327270507812,479.74951171875,176.79930114746094,396.95977783203125,228.34722900390625,479.74951171875
97,468,0.6651980876922607,181.05276489257812,467.5892333984375,159.9119415283203,351.2173767089844,202.19358825683594,467.5892333984375
97,307,0.8710649609565735,134.1851806640625,479.8902893066406,109.59597778320312,345.4349670410156,158.7743682861328,479.8902893066406
97,625,0.8604484796524048,75.75414276123047,357.32281494140625,43.50471115112305,233.77587890625,108.00357818603516,357.32281494140625
97,12,0.5738474130630493,257.4540100097656,195.28538513183594,242.97000122070312,118.00096130371094,271.9380187988281,195.28538513183594
97,555,0.582619845867157,511.14837646484375,183.50209045410156,497.3530578613281,103.14539337158203,524.9436645507812,183.50209045410156
97,423,0.754235029220581,17.14604949951172,365.36822509765625,0.0,251.3175811767578,34.29209899902344,365.36822509765625
97,459,0.39804571866989136,170.9283447265625,171.27813720703125,160.191650390625,116.5894775390625,181.6650390625,171.27813720703125
98,468,0.4576863944530487,180.66574096679688,466.3322448730469,160.37100219726562,354.5201110839844,200.96046447753906,466.3322448730469
98,307,0.8512944579124451,132.90814208984375,479.9752502441406,108.3824234008789,344.77154541015625,157.43386840820312,479.9752502441406
98,625,0.8009780645370483,69.05574798583984,340.4501953125,38.55899429321289,223.05511474609375,99.55250549316406,340.4501953125
98,634,0.7488686442375183,116.0048828125,329.9390563964844,97.71752166748047,213.56329345703125,134.292236328125,329.9390563964844
98,555,0.632159948348999,507.446533203125,191.33792114257812,494.1282653808594,113.5610122680664,520.7647705078125,191.33792114257812
98,520,0.7100425958633423,26.88302993774414,479.76483154296875,8.269989967346191,409.7660827636719,45.496070861816406,479.76483154296875
98,580,0.6937627196311951,344.4789733886719,479.7046813964844,312.72955322265625,398.40716552734375,376.2283935546875,479.7046813964844
98,1,0.6216354370117188,21.731035232543945,432.98931884765625,0.0,308.94097900390625,43.46207046508789,432.98931884765625
98,589,0.5866385698318481,169.80038452148438,214.9944610595703,153.36244201660156,126.01182556152344,186.2383270263672,214.9944610595703
98,622,0.5447003841400146,209.18222045898438,479.7282409667969,184.79946899414062,402.16021728515625,233.56495666503906,479.7282409667969
99,468,0.5176031589508057,182.27870178222656,473.5767517089844,161.261474609375,357.9381103515625,203.29592895507812,473.5767517089844
99,307,0.8530562520027161,132.99484252929688,480.0,108.53660583496094,344.1354675292969,157.45306396484375,480.0
99,634,0.5991089940071106,115.1712875366211,308.7396545410156,97.87834167480469,198.78611755371094,132.4642333984375,308.7396545410156
99,555,0.5642697811126709,504.57080078125,204.9520263671875,491.2439880371094,124.40734100341797,517.8975830078125,204.9520263671875
99,640,0.6588670015335083,152.1309814453125,293.44219970703125,131.64175415039062,184.2300567626953,172.6201934814453,293.44219970703125
99,641,0.6941373944282532,232.794921875,188.8378143310547,219.49034118652344,112.84941101074219,246.0994873046875,188.8378143310547
99,642,0.5021429657936096,475.25262451171875,204.21417236328125,461.3938293457031,121.82666778564453,489.11138916015625,204.21417236328125
99,622,0.707083523273468,224.93258666992188,479.70172119140625,198.46917724609375,395.4643249511719,251.39598083496094,479.70172119140625
99,12,0.41381844878196716,270.00830078125,193.39328002929688,256.1576232910156,121.7686538696289,283.85894775390625,193.39328002929688
99,423,0.7172396779060364,23.014230728149414,380.2353820800781,2.6577956676483154,260.2070617675781,43.37066650390625,380.2353820800781
100,468,0.5687252283096313,184.19757080078125,477.37188720703125,162.02975463867188,354.94097900390625,206.36538696289062,477.37188720703125
100,307,0.8547659516334534,133.3551483154297,480.0,109.03898620605469,344.0923156738281,157.6713104248047,480.0
100,634,0.7572903037071228,118.27728271484375,334.42864990234375,99.84886932373047,217.6696014404297,136.7056884765625,334.42864990234375
100,555,0.6539884805679321,508.31591796875,226.2062530517578,493.3094177246094,135.73178100585938,523.3223876953125,226.2062530517578
100,640,0.6069031357765198,148.76841735839844,275.76129150390625,129.6846923828125,173.73495483398438,167.85214233398438,275.76129150390625
100,642,0.6594683527946472,479.0749206542969,226.42233276367188,464.03826904296875,136.92425537109375,494.111572265625,226.42233276367188
100,622,0.7347080707550049,236.183837890625,479.9076232910156,208.7939910888672,392.4585876464844,263.5736999511719,479.9076232910156
100,423,0.722294807434082,20.13353729248047,346.7913513183594,1.4829319715499878,237.48916625976562,38.784141540527344,346.7913513183594
100,625,0.6653549075126648,78.42589569091797,335.76312255859375,49.19050216674805,221.60263061523438,107.66129302978516,335.76312255859375
100,589,0.780303418636322,182.96951293945312,252.19354248046875,164.30772399902344,151.2942352294922,201.63131713867188,252.19354248046875
101,468,0.48615580797195435,184.00759887695312,478.43951416015625,162.02560424804688,357.4922180175781,205.9895782470703,478.43951416015625
101,307,0.8740484118461609,133.3135223388672,480.0,109.09149932861328,344.07757568359375,157.53553771972656,480.0
101,634,0.7837352752685547,122.63280487060547,315.1081848144531,104.770751953125,202.06597900390625,140.49485778808594,315.1081848144531
101,555,0.48221299052238464,505.6189880371094,243.260498046875,490.440185546875,150.9524688720703,520.7977905273438,243.260498046875
101,640,0.7497987747192383,155.39662170410156,297.77679443359375,135.58116149902344,191.64431762695312,175.2120819091797,297.77679443359375
101,642,0.6408002972602844,480.2366943359375,254.0423126220703,464.0224609375,157.61859130859375,496.4509582519531,254.0423126220703
101,654,0.8002694845199585,219.21182250976562,242.92691040039062,202.0373992919922,146.07748413085938,236.38626098632812,242.92691040039062
101,655,0.6369412541389465,558.9471435546875,262.8973693847656,542.2190551757812,167.48934936523438,575.67529296875,262.8973693847656
101,625,0.6212310791015625,72.71551513671875,303.6017150878906,45.44011306762695,195.32432556152344,99.99092102050781,303.6017150878906
101,589,0.584571361541748,192.171875,244.17425537109375,174.2535400390625,146.03961181640625,210.09022521972656,244.17425537109375
102,468,0.614863395690918,177.43063354492188,479.7176818847656,159.61927795410156,386.114501953125,195.2419891357422,479.7176818847656
102,307,0.8686588406562805,133.21908569335938,480.0,109.1552963256836,344.2284851074219,157.2828826904297,480.0
102,640,0.7743355631828308,148.13778686523438,278.55462646484375,128.92088317871094,175.10693359375,167.3546905517578,278.55462646484375
102,655,0.6855193376541138,563.2291259765625,294.1282653808594,545.3674926757812,192.29429626464844,581.0908203125,294.1282653808594
102,625,0.754301130771637,62.34001159667969,320.6687316894531,33.66780090332031,205.7646942138672,91.01222229003906,320.6687316894531
102,662,0.7645021080970764,98.1112060546875,313.18865966796875,83.5213394165039,217.47296142578125,112.70106506347656,313.18865966796875
103,468,0.6766547560691833,183.9185791015625,479.9186096191406,160.96566772460938,358.5975341796875,206.87147521972656,479.9186096191406
103,307,0.8007069826126099,133.69386291503906,480.0,109.96502685546875,345.326171875,157.42269897460938,480.0
103,667,0.6959248185157776,245.5748291015625,264.9715881347656,229.44886779785156,184.95034790039062,261.7008056640625,264.9715881347656
103,390,0.6332934498786926,540.0767211914062,339.040771484375,520.0324096679688,230.92282104492188,560.1210327148438,339.040771484375
103,616,0.48510217666625977,195.1715545654297,147.3851776123047,183.4391326904297,88.68031311035156,206.9039764404297,147.3851776123047
103,641,0.5737561583518982,225.67994689941406,193.53260803222656,209.92996215820312,103.919921875,241.429931640625,193.53260803222656
103,634,0.69249027967453,123.50807189941406,344.5181579589844,105.31340789794922,229.11138916015625,141.70274353027344,344.5181579589844
104,468,0.4012390971183777,183.2304229736328,472.39227294921875,160.78549194335938,353.6985778808594,205.67535400390625,472.39227294921875
104,307,0.6976151466369629,133.43978881835938,467.8108215332031,111.5234375,344.8291931152344,155.35614013671875,467.8108215332031
104,679,0.54184889793396,158.5745849609375,314.84796142578125,143.08535766601562,241.47911071777344,174.0637969970703,314.84796142578125
104,680,0.6816658973693848,134.91871643066406,150.44862365722656,124.83170318603516,86.28216552734375,145.00572204589844,150.44862365722656
104,641,0.39357778429985046,222.48919677734375,204.33921813964844,207.33535766601562,118.28518676757812,237.6430206298828,204.33921813964844
104,407,0.6291144490242004,188.02154541015625,214.76734924316406,172.38328552246094,119.56317138671875,203.65982055664062,214.76734924316406
104,640,0.5167439579963684,144.26837158203125,280.334716796875,129.6172637939453,203.1100311279297,158.91949462890625,280.334716796875
104,655,0.44713258743286133,565.9337158203125,356.6793518066406,546.51904296875,245.28208923339844,585.3483276367188,356.6793518066406
105,468,0.5789684057235718,183.75010681152344,477.2615966796875,159.8689422607422,351.0327453613281,207.6312713623047,477.2615966796875
105,307,0.8093909621238708,132.67884826660156,475.7410583496094,109.48723602294922,345.220703125,155.87046813964844,475.7410583496094
105,679,0.7481308579444885,150.6411895751953,339.1094055175781,130.65037536621094,244.13320922851562,170.6320037841797,339.1094055175781
105,680,0.4983263313770294,135.13600158691406,154.7548065185547,125.0085678100586,90.53225708007812,145.26344299316406,154.7548065185547
105,681,0.8237069249153137,85.01914978027344,475.0089416503906,60.14981460571289,366.9119873046875,109.88848114013672,475.0089416503906
105,684,0.4377249479293823,122.64413452148438,206.5487518310547,108.65990447998047,127.97456359863281,136.62835693359375,206.5487518310547
105,689,0.6817418932914734,540.9013061523438,403.6138000488281,522.92236328125,281.3059997558594,558.8802490234375,403.6138000488281
105,407,0.6145227551460266,196.66696166992188,202.34344482421875,182.24119567871094,116.10921478271484,211.0927276611328,202.34344482421875
105,286,0.40076860785484314,307.4420166015625,404.91265869140625,287.3883972167969,275.9826354980469,327.4956359863281,404.91265869140625
105,520,0.760280191898346,25.66164207458496,479.8200378417969,2.4202089309692383,392.7568664550781,48.903076171875,479.8200378417969
105,662,0.45591965317726135,104.91866302490234,304.79095458984375,94.11546325683594,236.2816925048828,115.72186279296875,304.79095458984375
106,468,0.6606374382972717,183.35545349121094,478.8511047363281,159.57064819335938,352.1566467285156,207.1402587890625,478.8511047363281
106,307,0.8104522824287415,131.93426513671875,478.45361328125,108.30335998535156,344.6866760253906,155.56517028808594,478.45361328125
106,680,0.7330812215805054,136.2790985107422,186.5068817138672,122.19888305664062,97.18680572509766,150.35931396484375,186.5068817138672
106,690,0.8103934526443481,605.1988525390625,469.0688171386719,582.5607299804688,327.89984130859375,627.8369140625,469.0688171386719
106,692,0.5765517950057983,412.7185363769531,135.47470092773438,400.6785888671875,72.97137451171875,424.75848388671875,135.47470092773438
106,693,0.5841929912567139,559.8448486328125,470.98388671875,536.6766967773438,337.7152404785156,583.0130615234375,470.98388671875
106,697,0.601491391658783,233.77200317382812,177.93597412109375,221.59642028808594,98.98858642578125,245.9475860595703,177.93597412109375
106,588,0.7045842409133911,321.53460693359375,451.2258605957031,290.63800048828125,304.76092529296875,352.43121337890625,451.2258605957031
106,497,0.7635477185249329,372.02471923828125,453.0279846191406,326.7599182128906,319.846435546875,417.28948974609375,453.0279846191406
106,524,0.6300303936004639,208.0729522705078,176.41929626464844,192.80996704101562,98.59627532958984,223.3359375,176.41929626464844
106,1,0.7808192372322083,17.35610580444336,456.4933776855469,0.0,323.08294677734375,34.71221160888672,456.4933776855469
106,616,0.49029412865638733,184.70547485351562,159.7588653564453,170.93113708496094,89.72199249267578,198.47979736328125,159.7588653564453
107,468,0.6176162362098694,184.9356689453125,479.7626037597656,160.87945556640625,351.48699951171875,208.99188232421875,479.7626037597656
107,307,0.7719453573226929,133.05697631835938,479.5120849609375,109.27752685546875,343.99853515625,156.83642578125,479.5120849609375
107,680,0.7019563317298889,138.64691162109375,224.4470977783203,123.8211669921875,130.90341186523438,153.47264099121094,224.4470977783203
107,692,0.689617395401001,416.76007080078125,147.4219207763672,403.8498229980469,80.224609375,429.6702880859375,147.4219207763672
107,697,0.6793773174285889,234.8231201171875,164.2430877685547,223.5618438720703,91.39596557617188,246.08441162109375,164.2430877685547
107,701,0.7186926603317261,396.74505615234375,149.56707763671875,386.8880920410156,87.54205322265625,406.60198974609375,149.56707763671875
107,703,0.8426381945610046,61.545135498046875,421.0684509277344,43.050811767578125,304.33251953125,80.03945922851562,421.0684509277344
107,704,0.6483356952667236,106.82305145263672,430.0470886230469,85.9504623413086,313.3120422363281,127.69564056396484,430.0470886230469
107,497,0.8520886301994324,356.4391174316406,469.80926513671875,311.7646179199219,331.0730285644531,401.1136169433594,469.80926513671875
107,524,0.7283126711845398,209.18417358398438,168.41958618164062,194.8077392578125,93.40686798095703,223.56060791015625,168.41958618164062
107,1,0.7469659447669983,19.552412033081055,439.7389221191406,0.0,316.18603515625,39.10482406616211,439.7389221191406
107,520,0.37216585874557495,24.031042098999023,479.86065673828125,0.0,380.8633117675781,48.06208419799805,479.86065673828125
108,468,0.6935474872589111,184.60963439941406,480.0,160.94482421875,353.5342102050781,208.27444458007812,480.0
108,307,0.7841711640357971,132.01467895507812,479.7054748535156,108.0868911743164,343.4659423828125,155.9424591064453,479.7054748535156
108,692,0.8150385022163391,413.3492126464844,158.68106079101562,399.84088134765625,88.27277374267578,426.8575439453125,158.68106079101562
108,701,0.6423324942588806,390.373779296875,159.73081970214844,380.0779113769531,94.95159912109375,400.6696472167969,159.73081970214844
108,704,0.5178152918815613,111.6741943359375,431.06903076171875,90.23905944824219,311.1136474609375,133.1093292236328,431.06903076171875
108,707,0.5578005313873291,168.56954956054688,169.64112854003906,156.57467651367188,99.85789489746094,180.5644073486328,169.64112854003906
108,708,0.6919251084327698,144.6974334716797,179.20680236816406,131.8798370361328,100.52533721923828,157.51502990722656,179.20680236816406
108,520,0.8044896721839905,21.69154167175293,479.755615234375,0.0,369.9136657714844,43.38308334350586,479.755615234375
109,468,0.6851791739463806,184.9200439453125,478.98236083984375,161.3140106201172,353.94964599609375,208.5260772705078,478.98236083984375
109,307,0.8300805687904358,133.55581665039062,479.9790954589844,109.76190185546875,343.8757629394531,157.3497314453125,479.9790954589844
109,692,0.7283557057380676,409.250732421875,170.39930725097656,395.30712890625,97.44107818603516,423.1943054199219,170.39930725097656
109,701,0.5794296860694885,384.3800354003906,171.3328399658203,373.83447265625,105.550537109375,394.92559814453125,171.3328399658203
109,704,0.795371949672699,106.41024017333984,419.9793395996094,85.01000213623047,300.4422607421875,127.81047821044922,419.9793395996094
109,707,0.5148961544036865,164.61599731445312,181.6282958984375,152.3043212890625,110.04823303222656,176.9276580810547,181.6282958984375
109,708,0.6487208604812622,141.22854614257812,189.75404357910156,128.51039123535156,111.69928741455078,153.94668579101562,189.75404357910156
109,459,0.5290382504463196,181.20980834960938,180.82594299316406,168.0106964111328,110.02320861816406,194.40890502929688,180.82594299316406
109,625,0.8415811061859131,66.39966583251953,301.68328857421875,42.91512680053711,204.63327026367188,89.88420867919922,301.68328857421875
109,524,0.6704427599906921,209.5978240966797,172.47547912597656,196.20603942871094,101.40181732177734,222.98960876464844,172.47547912597656
110,468,0.7283646464347839,181.05474853515625,479.4779968261719,157.23020935058594,351.9976501464844,204.87928771972656,479.4779968261719
110,307,0.8561519980430603,133.2159423828125,480.0,109.56426239013672,344.03955078125,156.86761474609375,480.0
110,701,0.798007607460022,389.3149108886719,185.4154052734375,378.1438293457031,115.83677673339844,400.4859924316406,185.4154052734375
110,704,0.8047521710395813,101.455078125,404.8590393066406,80.9212875366211,290.0946044921875,121.9888687133789,404.8590393066406
110,707,0.6915854811668396,168.84837341308594,192.6444091796875,156.14932250976562,119.08367919921875,181.54742431640625,192.6444091796875
110,708,0.7169759273529053,139.9539337158203,201.19358825683594,126.9097671508789,121.34198760986328,152.9980926513672,201.19358825683594
110,717,0.5914705991744995,170.83184814453125,123.63035583496094,155.95431518554688,65.00540924072266,185.70938110351562,123.63035583496094
110,524,0.7316812872886658,209.0435333251953,186.36378479003906,195.297119140625,111.8544921875,222.78994750976562,186.36378479003906
110,423,0.7748516201972961,26.07695960998535,347.17071533203125,7.205391883850098,240.58546447753906,44.94852828979492,347.17071533203125
111,468,0.7799130082130432,187.91444396972656,479.9401550292969,163.76712036132812,349.2918701171875,212.061767578125,479.9401550292969
111,307,0.8652986288070679,133.5086669921875,480.0,109.93109130859375,344.2655334472656,157.0862274169922,480.0
111,704,0.8225932121276855,91.67271423339844,399.99822998046875,71.26608276367188,286.8232727050781,112.07933807373047,399.99822998046875
111,707,0.7443482279777527,162.18997192382812,204.68792724609375,148.91030883789062,128.16973876953125,175.46961975097656,204.68792724609375
111,718,0.8496024012565613,432.22039794921875,479.7099914550781,386.1440124511719,359.0364074707031,478.2967834472656,479.7099914550781
111,720,0.768887996673584,431.401611328125,196.91238403320312,417.3121337890625,115.67015838623047,445.4910583496094,196.91238403320312
111,721,0.7288175821304321,149.34295654296875,119.17515563964844,139.39353942871094,59.17557144165039,159.29237365722656,119.17515563964844
111,722,0.782066285610199,235.59634399414062,208.18508911132812,220.87899780273438,124.9084701538086,250.31369018554688,208.18508911132812
111,601,0.6778109073638916,128.78857421875,121.71208190917969,117.67008209228516,59.82615280151367,139.90707397460938,121.71208190917969
111,684,0.7616885304450989,130.3133544921875,210.92066955566406,115.81167602539062,129.27577209472656,144.81503295898438,210.92066955566406
111,407,0.7450045943260193,205.789794921875,214.08770751953125,191.8600616455078,129.82395935058594,219.7195281982422,214.08770751953125
111,1,0.7259172797203064,17.594512939453125,394.47259521484375,0.0,275.9526062011719,35.18902587890625,394.47259521484375
111,692,0.7567238807678223,408.7322998046875,201.66708374023438,394.47430419921875,126.12438201904297,422.9903259277344,201.66708374023438
112,468,0.4984140694141388,184.59872436523438,479.92010498046875,161.20928955078125,353.5032958984375,207.98814392089844,479.92010498046875
112,307,0.846904456615448,133.6664276123047,480.0,110.17576599121094,344.5479431152344,157.15708923339844,480.0
112,704,0.7104709148406982,96.71196746826172,404.64727783203125,76.20042419433594,291.0953369140625,117.2235107421875,404.64727783203125
112,707,0.7077191472053528,152.92684936523438,219.4276123046875,138.85536193847656,138.87045288085938,166.99832153320312,219.4276123046875
112,720,0.8195494413375854,441.39959716796875,212.93882751464844,426.5853576660156,127.57359313964844,456.21380615234375,212.93882751464844
112,724,0.8334657549858093,479.43902587890625,479.93817138671875,432.82293701171875,362.77838134765625,526.0551147460938,479.93817138671875
112,601,0.5014270544052124,126.35969543457031,114.11347961425781,115.67355346679688,53.160377502441406,137.04583740234375,114.11347961425781
112,684,0.7419352531433105,121.40736389160156,220.97100830078125,106.45567321777344,137.0284423828125,136.3590545654297,220.97100830078125
112,692,0.7414705753326416,413.3698425292969,218.29490661621094,398.7109680175781,139.90435791015625,428.0287170410156,218.29490661621094
112,654,0.8677821755409241,223.333740234375,241.75595092773438,207.69674682617188,153.9127960205078,238.97073364257812,241.75595092773438
112,689,0.6316702961921692,523.2845458984375,381.84234619140625,509.4743347167969,294.41778564453125,537.0947265625,381.84234619140625
112,693,0.7921256422996521,533.1707763671875,479.61614990234375,509.4571533203125,343.3507995605469,556.8843994140625,479.61614990234375
112,703,0.7301873564720154,56.87553405761719,404.3738098144531,37.7333869934082,285.8565368652344,76.01768493652344,404.3738098144531
113,468,0.4964897930622101,188.28863525390625,478.3908386230469,165.24168395996094,355.8570556640625,211.3355712890625,478.3908386230469
113,307,0.8511936664581299,133.0183563232422,480.0,109.4787368774414,344.7719421386719,156.5579833984375,480.0
113,704,0.6774048209190369,94.86479187011719,408.93475341796875,74.21746063232422,294.3001708984375,115.51213073730469,408.93475341796875
113,720,0.8234578371047974,454.736572265625,234.92794799804688,438.89886474609375,143.80239868164062,470.5743103027344,234.92794799804688
113,692,0.7999840378761292,415.432861328125,238.34967041015625,400.0174560546875,155.62461853027344,430.8482360839844,238.34967041015625
113,654,0.8068416714668274,214.57740783691406,259.4216003417969,198.80157470703125,171.67752075195312,230.35324096679688,259.4216003417969
113,693,0.7953805327415466,542.006103515625,456.4394836425781,518.02490234375,318.0187072753906,565.9873046875,456.4394836425781
113,703,0.7455911636352539,61.176170349121094,402.8570861816406,41.874359130859375,283.36309814453125,80.47798156738281,402.8570861816406
113,642,0.7878808379173279,495.88983154296875,456.4223327636719,470.1219482421875,306.1287536621094,521.65771484375,456.4223327636719
113,708,0.7250117659568787,133.2838592529297,233.97869873046875,119.26111602783203,148.60353088378906,147.30661010742188,233.97869873046875
113,718,0.7173557281494141,441.6346435546875,479.6564025878906,403.2617492675781,378.4667053222656,480.0075378417969,479.6564025878906
114,468,0.5603474974632263,185.47122192382812,479.45440673828125,162.1835174560547,354.6428527832031,208.7589111328125,479.45440673828125
114,307,0.8466084599494934,133.18382263183594,480.0,109.66998291015625,344.9625549316406,156.69766235351562,480.0
114,704,0.6934528946876526,93.68618774414062,410.4400329589844,73.009521484375,295.0883483886719,114.36285400390625,410.4400329589844
114,720,0.7257989645004272,461.11126708984375,262.4970397949219,444.4241943359375,166.35601806640625,477.7983703613281,262.4970397949219
114,692,0.8002515435218811,421.60003662109375,264.0677185058594,405.318359375,176.0687713623047,437.8817443847656,264.0677185058594
114,654,0.786581814289093,212.1082763671875,263.92236328125,199.37168884277344,197.80340576171875,224.84487915039062,263.92236328125
114,693,0.7833747863769531,546.85595703125,412.1993103027344,524.2152709960938,282.70745849609375,569.4967041015625,412.1993103027344
114,703,0.7246904969215393,63.25121307373047,402.7129821777344,44.06801223754883,284.1752014160156,82.43441009521484,402.7129821777344
114,730,0.6544800400733948,101.90467071533203,254.945068359375,87.70386505126953,163.77764892578125,116.10547637939453,254.945068359375
114,731,0.6880109310150146,178.34329223632812,282.5803527832031,166.86962890625,204.67568969726562,189.8169708251953,282.5803527832031
114,733,0.6046243906021118,532.8685302734375,338.0458068847656,503.0790710449219,228.19879150390625,562.657958984375,338.0458068847656
114,642,0.8287164568901062,492.5890808105469,430.9604797363281,466.83294677734375,284.5012512207031,518.34521484375,430.9604797363281
114,708,0.5978012084960938,128.94850158691406,247.95635986328125,114.69831848144531,161.4024658203125,143.1986846923828,247.95635986328125
115,468,0.7416667342185974,179.2122802734375,479.3748779296875,155.447265625,350.7086181640625,202.97731018066406,479.3748779296875
115,307,0.8575824499130249,132.512939453125,480.0,108.98892211914062,344.9024658203125,156.0369415283203,480.0
115,704,0.7266188263893127,93.47807312011719,410.8719177246094,72.79161071777344,294.96014404296875,114.16454315185547,410.8719177246094
115,720,0.7533965110778809,457.74688720703125,290.6402282714844,439.72125244140625,187.06747436523438,475.77252197265625,290.6402282714844
115,692,0.8107908368110657,419.6015930175781,292.2466125488281,402.1500549316406,197.49725341796875,437.0531311035156,292.2466125488281
115,703,0.7800287008285522,63.66189956665039,402.6231384277344,44.46550750732422,284.2130432128906,82.85829162597656,402.6231384277344
115,733,0.7369859218597412,542.1383056640625,348.1188049316406,511.0490417480469,232.8802490234375,573.2276000976562,348.1188049316406
115,708,0.561209499835968,124.49642944335938,265.4035949707031,109.51383209228516,174.05235290527344,139.47901916503906,265.4035949707031
115,736,0.709859311580658,470.68304443359375,103.04505157470703,462.01727294921875,40.93086624145508,479.34881591796875,103.04505157470703
115,555,0.8255237936973572,481.43206787109375,352.5540466308594,460.2854919433594,228.85874938964844,502.5786437988281,352.5540466308594
115,616,0.6637494564056396,162.83749389648438,156.03091430664062,149.0752716064453,89.21549987792969,176.59970092773438,156.03091430664062
116,468,0.6218161582946777,177.73870849609375,479.4267578125,154.610595703125,353.5565185546875,200.8668212890625,479.4267578125
116,307,0.8372278809547424,132.60682678222656,480.0,108.96636199951172,344.62835693359375,156.24728393554688,480.0
116,704,0.7185801267623901,93.13999938964844,411.03582763671875,72.64080810546875,295.59234619140625,113.63919830322266,411.03582763671875
116,692,0.8369680047035217,428.69818115234375,322.84521484375,409.2464294433594,216.3173065185547,448.14996337890625,322.84521484375
116,703,0.6665202975273132,63.63783264160156,403.2216491699219,44.44185256958008,284.94732666015625,82.83381652832031,403.2216491699219
116,733,0.72514808177948,537.0142822265625,324.40435791015625,507.1959533691406,213.01280212402344,566.8326416015625,324.40435791015625
116,555,0.7913006544113159,478.0406799316406,333.5005187988281,456.68072509765625,211.5700225830078,499.400634765625,333.5005187988281
116,616,0.6993808746337891,159.24400329589844,145.18052673339844,146.71383666992188,83.89312744140625,171.774169921875,145.18052673339844
116,625,0.6496185660362244,70.12760925292969,291.34765625,46.942039489746094,193.07879638671875,93.31317138671875,291.34765625
116,730,0.6600066423416138,101.84860229492188,279.6269836425781,87.4264907836914,188.19033813476562,116.27072143554688,279.6269836425781
117,468,0.605991542339325,177.59532165527344,479.4512634277344,154.50291442871094,352.60296630859375,200.68772888183594,479.4512634277344
117,307,0.8486927151679993,132.7457275390625,480.0,109.11767578125,344.99005126953125,156.37379455566406,480.0
117,704,0.6831339001655579,93.35317993164062,411.1616516113281,72.87244415283203,295.5549011230469,113.83392333984375,411.1616516113281
117,692,0.6444950103759766,426.5859069824219,337.216552734375,408.3914794921875,240.10317993164062,444.78033447265625,337.216552734375
117,703,0.7152051329612732,63.9534912109375,402.8130798339844,44.71052551269531,284.6026916503906,83.19645690917969,402.8130798339844
117,616,0.7063214182853699,155.26223754882812,137.6052703857422,143.3197784423828,78.42027282714844,167.20469665527344,137.6052703857422
117,745,0.679452121257782,204.6009979248047,135.14767456054688,193.20372009277344,73.91524505615234,215.99827575683594,135.14767456054688
117,625,0.5525714159011841,79.267333984375,299.53662109375,56.893592834472656,202.57427978515625,101.64107513427734,299.53662109375
117,423,0.7325930595397949,38.521728515625,315.70843505859375,20.247241973876953,211.1840362548828,56.79621124267578,315.70843505859375
117,731,0.7070010900497437,184.57073974609375,275.4075012207031,173.40440368652344,201.75546264648438,195.73707580566406,275.4075012207031
117,720,0.7837666869163513,462.4892578125,294.9781799316406,442.9760437011719,184.09596252441406,482.0024719238281,294.9781799316406
118,468,0.6123491525650024,178.32839965820312,479.6928405761719,155.99234008789062,357.0486755371094,200.66445922851562,479.6928405761719
118,307,0.8556578755378723,132.46823120117188,480.0,108.8006820678711,345.12060546875,156.13577270507812,480.0
118,704,0.7092345952987671,94.33453369140625,411.50079345703125,73.91519165039062,295.4527893066406,114.7538833618164,411.50079345703125
118,692,0.8551355004310608,421.8091125488281,397.322265625,399.156982421875,276.29052734375,444.46124267578125,397.322265625
118,703,0.7203527092933655,64.1957015991211,402.5292053222656,45.04115676879883,285.301025390625,83.3502426147461,402.5292053222656
118,756,0.4478175640106201,456.94854736328125,100.89647674560547,446.5212707519531,45.29098129272461,467.3758239746094,100.89647674560547
118,423,0.572069525718689,47.562992095947266,307.9134521484375,31.119552612304688,221.1810302734375,64.00643157958984,307.9134521484375
118,731,0.7735357284545898,184.86782836914062,262.70184326171875,170.94161987304688,172.3883514404297,198.7940216064453,262.70184326171875
118,1,0.6524145603179932,16.65915298461914,330.8033447265625,0.0,228.59439086914062,33.31830596923828,330.8033447265625
119,468,0.6774978637695312,180.39805603027344,479.36297607421875,157.04873657226562,349.54754638671875,203.74737548828125,479.36297607421875
119,307,0.7390289306640625,128.25265502929688,480.0,103.69767761230469,343.3150329589844,152.8076171875,480.0
119,692,0.8581584692001343,411.51239013671875,444.2975769042969,386.8498229980469,312.3000183105469,436.1749267578125,444.2975769042969
119,703,0.8055106401443481,64.46302795410156,402.34759521484375,45.04490280151367,284.4556579589844,83.88115692138672,402.34759521484375
119,756,0.5052661299705505,457.75048828125,107.10089874267578,446.61163330078125,47.662113189697266,468.8893127441406,107.10089874267578
119,731,0.6290767788887024,182.93260192871094,230.73458862304688,169.73997497558594,146.9763946533203,196.12522888183594,230.73458862304688
119,760,0.7485987544059753,559.83056640625,222.177490234375,544.2518920898438,134.51962280273438,575.4091796875,222.177490234375
119,762,0.67709881067276,428.9100341796875,112.42166137695312,418.0144348144531,52.01869201660156,439.8056640625,112.42166137695312
119,763,0.8015007376670837,523.5565795898438,225.77001953125,509.73675537109375,141.15496826171875,537.3764038085938,225.77001953125
119,1,0.5812785029411316,21.552658081054688,341.485107421875,4.352571964263916,235.38400268554688,38.752742767333984,341.485107421875
119,588,0.8503380417823792,345.2322998046875,470.4706726074219,318.841064453125,343.3974609375,371.62353515625,470.4706726074219
119,721,0.7415764331817627,157.7989501953125,114.93181610107422,148.50091552734375,59.99393844604492,167.09698486328125,114.93181610107422
120,468,0.7112680077552795,182.55892944335938,479.4475402832031,159.68484497070312,351.4312744140625,205.43299865722656,479.4475402832031
120,307,0.8494036197662354,130.92779541015625,480.0,106.58704376220703,344.3475341796875,155.26853942871094,480.0
120,731,0.7456397414207458,182.6311492919922,201.4476318359375,170.23280334472656,123.85295104980469,195.0294952392578,201.4476318359375
120,760,0.7544221878051758,567.5678100585938,247.91871643066406,550.710205078125,153.26806640625,584.4254150390625,247.91871643066406
120,762,0.6233667731285095,434.11663818359375,118.68363952636719,422.94049072265625,56.712345123291016,445.29278564453125,118.68363952636719
120,763,0.812283992767334,527.569091796875,252.2593994140625,512.8346557617188,162.42276000976562,542.3035278320312,252.2593994140625
120,768,0.7305543422698975,426.4168701171875,209.12147521972656,407.96929931640625,122.4210205078125,444.8644104003906,209.12147521972656
120,588,0.8564864993095398,333.7855529785156,477.5132751464844,311.0683898925781,383.8560485839844,356.5027160644531,477.5132751464844
120,622,0.8490908145904541,394.51953125,479.48602294921875,362.0082702636719,372.5173034667969,427.03076171875,479.48602294921875
120,601,0.3814103603363037,124.7269058227539,111.01826477050781,115.399169921875,55.7402229309082,134.0546417236328,111.01826477050781
120,736,0.5491865277290344,467.0816345214844,116.17118835449219,458.26123046875,53.60740661621094,475.90203857421875,116.17118835449219
120,704,0.8076497316360474,88.1984634399414,413.7289123535156,66.83573913574219,292.3912048339844,109.56118774414062,413.7289123535156
121,468,0.6882520914077759,184.02288818359375,479.7412414550781,161.42784118652344,352.7432556152344,206.617919921875,479.7412414550781
121,307,0.8476528525352478,131.2371368408203,480.0,106.88579559326172,344.8645935058594,155.58848571777344,480.0
121,760,0.8380235433578491,576.63623046875,280.26593017578125,558.3508911132812,177.76116943359375,594.9215698242188,280.26593017578125
121,771,0.4946935772895813,455.21099853515625,172.35311889648438,442.6007385253906,97.69647979736328,467.8212585449219,172.35311889648438
121,772,0.6199545860290527,394.65411376953125,193.7376708984375,379.4236755371094,110.90937805175781,409.8845520019531,193.7376708984375
121,774,0.5767115950584412,8.593947410583496,354.370361328125,0.0,261.1292724609375,17.187894821166992,354.370361328125
121,704,0.780533492565155,89.63713073730469,412.8760070800781,68.16508483886719,290.94573974609375,111.10916900634766,412.8760070800781
121,580,0.8104879856109619,312.3590087890625,479.7831115722656,297.1979064941406,447.4429931640625,327.52008056640625,479.7831115722656
121,459,0.733776330947876,189.7544708251953,175.1193084716797,175.81434631347656,105.30396270751953,203.69459533691406,175.1193084716797
121,724,0.8177416920661926,491.66571044921875,479.70843505859375,459.2228698730469,400.8465270996094,524.1085205078125,479.70843505859375
121,733,0.7858456969261169,538.352783203125,292.7803039550781,512.5386352539062,194.817138671875,564.1669921875,292.7803039550781
122,468,0.6575934290885925,182.0492401123047,479.28497314453125,159.49928283691406,352.50750732421875,204.5991973876953,479.28497314453125
122,307,0.819709837436676,131.27561950683594,480.0,106.92776489257812,345.3798828125,155.62347412109375,480.0
122,760,0.8201255202293396,590.865478515625,317.06060791015625,571.1466064453125,206.90345764160156,610.5842895507812,317.06060791015625
122,704,0.7310705780982971,89.28065490722656,412.63494873046875,67.8339614868164,290.0380859375,110.72735595703125,412.63494873046875
122,778,0.7796421647071838,416.82171630859375,164.7493896484375,405.4139404296875,91.36582946777344,428.2294921875,164.7493896484375
122,724,0.5737241506576538,504.58087158203125,477.0780029296875,468.9477233886719,386.0473937988281,540.2140502929688,477.0780029296875
122,718,0.5400926470756531,456.50823974609375,480.0,431.54864501953125,415.3133239746094,481.4678649902344,480.0
122,693,0.8015336990356445,545.1021728515625,332.9909973144531,526.0596923828125,225.1048126220703,564.1446533203125,332.9909973144531
122,756,0.49555206298828125,460.8060302734375,137.7824249267578,448.2123718261719,70.36690521240234,473.39971923828125,137.7824249267578
122,731,0.6612991094589233,180.42198181152344,158.54490661621094,170.1026153564453,94.54658508300781,190.74134826660156,158.54490661621094
122,622,0.7390127182006836,421.40655517578125,479.63916015625,388.73004150390625,366.90252685546875,454.08306884765625,479.63916015625
123,468,0.7835191488265991,178.32647705078125,479.5408935546875,155.5311737060547,351.8944091796875,201.1217803955078,479.5408935546875
123,307,0.8074458241462708,131.54998779296875,480.0,107.30079650878906,346.109375,155.79916381835938,480.0
123,760,0.7725933194160461,599.287109375,360.7872009277344,577.66552734375,240.23397827148438,620.90869140625,360.7872009277344
123,704,0.7308349013328552,90.08061218261719,412.6435546875,68.62310028076172,289.90838623046875,111.53813171386719,412.6435546875
123,778,0.7517387866973877,408.39697265625,154.9550018310547,397.2526550292969,83.57638549804688,419.54132080078125,154.9550018310547
123,693,0.7636995315551758,548.527099609375,362.9873046875,528.5745849609375,250.96241760253906,568.4795532226562,362.9873046875
123,756,0.8355045914649963,469.38446044921875,150.4825897216797,456.1468505859375,79.5760498046875,482.6221008300781,150.4825897216797
123,717,0.6449527740478516,167.86996459960938,140.9647216796875,153.61856079101562,83.44365692138672,182.12135314941406,140.9647216796875
123,689,0.7065626978874207,499.3074951171875,421.2795104980469,484.21783447265625,325.6950378417969,514.3971557617188,421.2795104980469
123,555,0.8192580938339233,462.01007080078125,412.60479736328125,438.7822570800781,281.293701171875,485.23785400390625,412.60479736328125
123,692,0.7724162340164185,413.0375061035156,480.0,393.3173828125,388.9924621582031,432.75762939453125,480.0
123,762,0.7623014450073242,438.29071044921875,146.67507934570312,425.8128662109375,77.50579071044922,450.7685546875,146.67507934570312
124,468,0.6640097498893738,178.0009765625,479.873291015625,155.53443908691406,354.11199951171875,200.46751403808594,479.873291015625
124,307,0.7915652394294739,131.82876586914062,480.0,107.34716033935547,345.1531677246094,156.31036376953125,480.0
124,760,0.830413281917572,606.380859375,412.65484619140625,582.5474243164062,280.2201843261719,630.21435546875,412.65484619140625
124,704,0.7410144209861755,90.499267578125,412.4885559082031,69.0852279663086,290.03656005859375,111.91331481933594,412.4885559082031
124,778,0.7610275745391846,400.98126220703125,140.8168487548828,390.6307678222656,74.8035659790039,411.3317565917969,140.8168487548828
124,756,0.8158957958221436,478.2902526855469,163.66160583496094,464.23736572265625,88.14751434326172,492.3431396484375,163.66160583496094
124,790,0.8086287379264832,414.8532409667969,377.75201416015625,380.26141357421875,274.7261657714844,449.445068359375,377.75201416015625
124,555,0.8707517981529236,464.50604248046875,383.4456787109375,441.5297546386719,256.74322509765625,487.4822998046875,383.4456787109375
124,762,0.7659633159637451,433.4644775390625,142.15338134765625,421.3100891113281,74.85370635986328,445.6188659667969,142.15338134765625
124,720,0.6867715120315552,507.52593994140625,372.69683837890625,491.8099365234375,284.0350036621094,523.241943359375,372.69683837890625
125,468,0.6849578022956848,178.94464111328125,478.8182373046875,156.99118041992188,356.27056884765625,200.8981170654297,478.8182373046875
125,307,0.8161200881004333,132.50698852539062,480.0,108.0462646484375,345.15264892578125,156.96771240234375,480.0
125,704,0.7312048077583313,89.96836853027344,412.09234619140625,68.74431610107422,290.0944519042969,111.19241333007812,412.09234619140625
125,778,0.6571070551872253,397.0560302734375,130.56741333007812,387.2167053222656,67.9074478149414,406.8953857421875,130.56741333007812
125,756,0.8343567848205566,486.347900390625,179.90887451171875,471.5238952636719,99.98406982421875,501.171875,179.90887451171875
125,762,0.7165748476982117,429.851318359375,134.24627685546875,417.98992919921875,68.74248504638672,441.7127380371094,134.24627685546875
125,791,0.8149390816688538,528.7789306640625,176.6685333251953,514.5757446289062,94.72942352294922,542.9821166992188,176.6685333251953
125,286,0.7871986627578735,333.95843505859375,398.76947021484375,312.7718505859375,272.7500915527344,355.14501953125,398.76947021484375
125,690,0.8280448913574219,592.253662109375,479.8711242675781,569.6062622070312,344.8543701171875,614.9010009765625,479.8711242675781
125,616,0.48636847734451294,130.45001220703125,117.02034759521484,120.76264190673828,67.85432434082031,140.1373748779297,117.02034759521484
125,745,0.5634983777999878,212.18777465820312,147.22695922851562,198.4210662841797,73.48395538330078,225.9544677734375,147.22695922851562
125,724,0.8039424419403076,514.7547607421875,479.6347961425781,473.2142028808594,368.92657470703125,556.2953491210938,479.6347961425781
126,468,0.5734185576438904,181.72222900390625,478.93951416015625,159.98683166503906,357.3575744628906,203.4576416015625,478.93951416015625
126,307,0.7301103472709656,132.6425323486328,479.5007019042969,108.34833526611328,345.0741882324219,156.9367218017578,479.5007019042969
126,704,0.6461181640625,90.00814819335938,414.4898681640625,68.456787109375,290.0828552246094,111.55951690673828,414.4898681640625
126,778,0.6729603409767151,395.2510986328125,122.78641510009766,385.6695861816406,61.991127014160156,404.8326110839844,122.78641510009766
126,756,0.8232549428939819,500.1786804199219,198.4684600830078,484.14044189453125,111.50079345703125,516.2169189453125,198.4684600830078
126,762,0.6568754315376282,427.760009765625,124.60490417480469,416.37646484375,62.05602264404297,439.1435852050781,124.60490417480469
126,799,0.824537456035614,479.0145263671875,295.523193359375,456.8809814453125,187.05328369140625,501.1480407714844,295.523193359375
126,800,0.8029886484146118,424.93572998046875,300.1706848144531,405.6000061035156,204.29342651367188,444.271484375,300.1706848144531
126,690,0.7444655299186707,582.273193359375,479.8923034667969,560.5551147460938,353.67498779296875,603.9912109375,479.8923034667969
126,745,0.49903738498687744,214.84715270996094,140.67376708984375,201.68484497070312,71.7872543334961,228.00946044921875,140.67376708984375
126,724,0.8280066847801208,534.988525390625,479.8896789550781,502.0335388183594,393.3543395996094,567.9434814453125,479.8896789550781
126,679,0.8071852326393127,54.86846923828125,479.66815185546875,34.24189758300781,384.1620788574219,75.49504089355469,479.66815185546875
126,681,0.7029532790184021,101.68122863769531,479.5738220214844,81.43289947509766,396.9566650390625,121.92955780029297,479.5738220214844
126,718,0.7497337460517883,461.6712951660156,480.0,441.80078125,433.19097900390625,481.54180908203125,480.0
126,760,0.7419303059577942,619.08740234375,478.2408447265625,598.1748657226562,351.9381408691406,640.0,478.2408447265625
127,468,0.44338423013687134,182.33737182617188,479.2427978515625,160.93394470214844,359.3518371582031,203.74078369140625,479.2427978515625
127,307,0.8376311659812927,132.10623168945312,479.8222351074219,107.63250732421875,345.03948974609375,156.57997131347656,479.8222351074219
127,704,0.5330702662467957,87.65652465820312,413.408935546875,66.61763763427734,290.34869384765625,108.6954116821289,413.408935546875
127,778,0.7066270709037781,395.2608642578125,114.38130187988281,386.10809326171875,56.723636627197266,404.4136047363281,114.38130187988281
127,756,0.7958904504776001,515.6747436523438,210.39341735839844,499.9217529296875,125.54744720458984,531.427734375,210.39341735839844
127,762,0.5868616104125977,427.852294921875,116.38236999511719,416.774658203125,55.790584564208984,438.9299011230469,116.38236999511719
127,799,0.8239685297012329,484.150634765625,263.7933044433594,463.5647277832031,162.81271362304688,504.736572265625,263.7933044433594
127,800,0.8078340888023376,426.39276123046875,267.5459289550781,408.5967712402344,179.21981811523438,444.188720703125,267.5459289550781
127,679,0.7722076177597046,54.349727630615234,473.84326171875,29.56908416748047,355.239501953125,79.13037109375,473.84326171875
127,641,0.7466142177581787,188.04995727539062,275.11614990234375,171.29959106445312,180.86756896972656,204.80032348632812,275.11614990234375
127,520,0.7881922721862793,21.250324249267578,470.20611572265625,0.0,332.46636962890625,42.500648498535156,470.20611572265625
127,721,0.6164098978042603,159.43621826171875,131.7021026611328,147.8706817626953,65.7247314453125,171.0017547607422,131.7021026611328
127,555,0.9065876007080078,459.15509033203125,428.4710388183594,436.0184631347656,307.0387268066406,482.291748046875,428.4710388183594
128,468,0.553534984588623,181.5904541015625,478.8493957519531,159.9716339111328,358.67431640625,203.20928955078125,478.8493957519531
128,307,0.7881966233253479,131.85972595214844,479.94384765625,107.34368896484375,344.9522399902344,156.37576293945312,479.94384765625
128,778,0.6447470188140869,395.06573486328125,106.53269958496094,386.194091796875,50.84300231933594,403.9373474121094,106.53269958496094
128,762,0.39909443259239197,426.4163818359375,107.14527893066406,415.9483337402344,50.31836700439453,436.88446044921875,107.14527893066406
128,799,0.8291685581207275,481.6866455078125,231.20693969726562,462.3138122558594,135.8497772216797,501.05950927734375,231.20693969726562
128,800,0.8139643669128418,434.6319580078125,234.52003479003906,418.1185607910156,152.38783264160156,451.14532470703125,234.52003479003906
128,641,0.834434449672699,187.766357421875,256.7768249511719,171.44976806640625,162.62619018554688,204.08294677734375,256.7768249511719
128,721,0.6909139156341553,163.54147338867188,125.40625762939453,152.57504272460938,63.16953659057617,174.50790405273438,125.40625762939453
128,407,0.7645896077156067,224.25723266601562,265.09930419921875,208.38963317871094,174.30804443359375,240.1248321533203,265.09930419921875
128,730,0.42728832364082336,101.61366271972656,415.8201599121094,83.89275360107422,304.11151123046875,119.33457946777344,415.8201599121094
128,703,0.8345954418182373,51.269073486328125,399.6910095214844,32.58867645263672,287.7208251953125,69.94947052001953,399.6910095214844
128,774,0.7536265254020691,13.6776123046875,406.1163635253906,1.7964421510696411,283.0207824707031,25.55878257751465,406.1163635253906
128,733,0.8396645188331604,529.622314453125,249.91981506347656,504.354248046875,149.68775939941406,554.8904418945312,249.91981506347656
128,790,0.7426504492759705,396.71124267578125,377.0594787597656,362.2847900390625,272.3481140136719,431.1376647949219,377.0594787597656
129,468,0.3653627932071686,181.4639892578125,479.413818359375,159.72215270996094,358.001708984375,203.205810546875,479.413818359375
129,307,0.803356409072876,132.73855590820312,479.9892272949219,108.26158905029297,344.722412109375,157.2155303955078,479.9892272949219
129,778,0.6645652651786804,394.56304931640625,99.81034088134766,385.9128723144531,46.1945915222168,403.2132263183594,99.81034088134766
129,762,0.5255330204963684,424.2140808105469,101.49735260009766,413.9900207519531,45.98672866821289,434.4381408691406,101.49735260009766
129,799,0.7961349487304688,481.6642761230469,204.08042907714844,463.671142578125,115.3497085571289,499.65740966796875,204.08042907714844
129,800,0.6701667308807373,442.1135559082031,208.3433074951172,426.6639099121094,131.29339599609375,457.5632019042969,208.3433074951172
129,641,0.7951688170433044,184.36724853515625,228.355224609375,169.1171112060547,140.62351989746094,199.6173858642578,228.355224609375
129,721,0.7013276219367981,159.73008728027344,116.8194580078125,149.49705505371094,58.99470901489258,169.96311950683594,116.8194580078125
129,813,0.7801153659820557,576.9967041015625,267.88555908203125,558.5419921875,160.88832092285156,595.4513549804688,267.88555908203125
129,730,0.5212657451629639,101.43700408935547,422.584228515625,83.06576538085938,306.99322509765625,119.80824279785156,422.584228515625
129,733,0.8732457160949707,527.698974609375,265.9065856933594,502.35247802734375,161.87924194335938,553.0455322265625,265.9065856933594
129,524,0.8289297223091125,213.55709838867188,236.18666076660156,196.48898315429688,145.05699157714844,230.62521362304688,236.18666076660156
129,601,0.6471354961395264,128.69691467285156,115.57820892333984,118.28712463378906,56.78395462036133,139.10670471191406,115.57820892333984
130,468,0.7453997731208801,178.98309326171875,479.5375671386719,157.09844970703125,358.0960388183594,200.86773681640625,479.5375671386719
130,307,0.7816994786262512,132.77767944335938,480.0,108.47940063476562,344.8537292480469,157.07594299316406,480.0
130,799,0.8618319034576416,479.2896728515625,185.31231689453125,462.3729553222656,101.90158081054688,496.2063903808594,185.31231689453125
130,800,0.7482657432556152,440.2962341308594,189.10101318359375,425.5306396484375,115.27256774902344,455.06182861328125,189.10101318359375
130,813,0.8167811036109924,578.318359375,298.7813720703125,558.4636840820312,183.8333282470703,598.173095703125,298.7813720703125
130,730,0.538062334060669,100.89082336425781,425.49755859375,82.14207458496094,308.1872253417969,119.63956451416016,425.49755859375
130,733,0.868922770023346,524.4473876953125,294.8387756347656,498.22015380859375,183.90255737304688,550.6746215820312,294.8387756347656
130,601,0.5421519875526428,125.810546875,110.36532592773438,115.79705047607422,52.64661407470703,135.8240509033203,110.36532592773438
130,640,0.6451013684272766,104.76155090332031,304.60186767578125,87.15737915039062,210.92433166503906,122.36572265625,304.60186767578125
130,703,0.6928507685661316,34.448631286621094,376.2651062011719,15.165098190307617,269.5365905761719,53.73216247558594,376.2651062011719
131,468,0.7953015565872192,183.32913208007812,479.53863525390625,160.0775604248047,353.4268798828125,206.5806884765625,479.53863525390625
131,307,0.8087167143821716,132.70730590820312,480.0,108.5185546875,344.6375732421875,156.8960418701172,480.0
131,800,0.7702198028564453,444.4266357421875,173.0518798828125,430.5538330078125,103.49507141113281,458.2994689941406,173.0518798828125
131,813,0.8115419149398804,577.455322265625,336.5784606933594,556.0518188476562,212.93751525878906,598.85888671875,336.5784606933594
131,730,0.5749641060829163,100.66366577148438,426.02850341796875,81.92333221435547,309.6981506347656,119.40400695800781,426.02850341796875
131,733,0.872197151184082,518.4312744140625,335.41802978515625,490.5913391113281,213.83438110351562,546.2711791992188,335.41802978515625
131,684,0.6893255710601807,122.02264404296875,268.7896728515625,106.2542724609375,180.29408264160156,137.791015625,268.7896728515625
131,423,0.5770353674888611,79.43108367919922,269.8379211425781,62.61319351196289,176.89620971679688,96.24897766113281,269.8379211425781
131,717,0.6754476428031921,171.48236083984375,186.47532653808594,151.1394500732422,99.85704803466797,191.82528686523438,186.47532653808594
132,468,0.6955924034118652,189.3475799560547,479.74432373046875,166.2312774658203,353.8891906738281,212.46388244628906,479.74432373046875
132,307,0.7773240804672241,133.37989807128906,480.0,109.39319610595703,344.8096618652344,157.36659240722656,480.0
132,813,0.8272784948348999,572.6895141601562,372.53509521484375,551.14111328125,249.04026794433594,594.2379150390625,372.53509521484375
132,730,0.6356290578842163,100.04287719726562,425.8035888671875,81.25452423095703,310.38690185546875,118.83123016357422,425.8035888671875
132,733,0.8719356060028076,510.75579833984375,380.15740966796875,480.7810974121094,247.6129608154297,540.7305297851562,380.15740966796875
132,827,0.7967311143875122,507.6208801269531,160.6053924560547,492.69573974609375,85.62255096435547,522.5460205078125,160.6053924560547
132,717,0.5877057313919067,172.50888061523438,175.40757751464844,154.802978515625,98.13195037841797,190.21478271484375,175.40757751464844
132,771,0.6511868238449097,459.1630859375,160.50408935546875,448.1622619628906,95.93058013916016,470.1639099121094,160.50408935546875
132,690,0.8336796760559082,562.0440673828125,479.6453552246094,539.216552734375,353.95892333984375,584.87158203125,479.6453552246094
132,704,0.3582237958908081,83.41763305664062,402.314208984375,64.5698013305664,290.1513977050781,102.26547241210938,402.314208984375
132,601,0.6353153586387634,130.51763916015625,97.78815460205078,121.26522064208984,45.59716033935547,139.77005004882812,97.78815460205078
133,468,0.6894028186798096,183.3731231689453,479.5613708496094,160.25967407226562,353.4403991699219,206.486572265625,479.5613708496094
133,307,0.7702678442001343,126.58526611328125,479.76300048828125,102.32005310058594,343.0816345214844,150.85047912597656,479.76300048828125
133,813,0.8282992243766785,574.6873779296875,435.0736999511719,549.450927734375,290.4324645996094,599.9237670898438,435.0736999511719
133,704,0.5444411635398865,85.36808776855469,409.2549133300781,65.54171752929688,289.9867858886719,105.19446563720703,409.2549133300781
133,722,0.4873794913291931,234.22613525390625,217.77052307128906,219.0347442626953,132.49444580078125,249.4175262451172,217.77052307128906
133,459,0.7116395831108093,193.60386657714844,152.6811981201172,180.59124755859375,85.22301483154297,206.61648559570312,152.6811981201172
133,622,0.9021453857421875,513.1907348632812,459.69757080078125,473.95263671875,313.24981689453125,552.4288330078125,459.69757080078125
133,791,0.5118041634559631,531.93994140625,149.2993927001953,519.7923583984375,80.91988372802734,544.0875854492188,149.2993927001953
133,555,0.8627251386642456,445.841552734375,451.78240966796875,421.52069091796875,326.3148193359375,470.1624450683594,451.78240966796875
133,721,0.670492947101593,162.80703735351562,139.4801025390625,151.78334045410156,77.35176849365234,173.83074951171875,139.4801025390625
134,468,0.6576239466667175,182.5591583251953,479.6968078613281,159.40081787109375,353.8739929199219,205.71749877929688,479.6968078613281
134,307,0.8079315423965454,124.1327896118164,479.9158935546875,99.58537292480469,343.04205322265625,148.68020629882812,479.9158935546875
134,813,0.904961347579956,576.0029296875,475.9712829589844,551.8328857421875,339.3859558105469,600.1729736328125,475.9712829589844
134,704,0.38848572969436646,83.81661987304688,385.8812561035156,67.78507995605469,290.3595886230469,99.8481674194336,385.8812561035156
134,836,0.6582316160202026,128.58592224121094,196.15664672851562,116.88079833984375,119.1927490234375,140.29104614257812,196.15664672851562
134,689,0.9032572507858276,468.7508544921875,478.8482666015625,447.3447265625,363.0032958984375,490.1569519042969,478.8482666015625
134,790,0.7884799242019653,363.68157958984375,402.958251953125,329.0077209472656,293.9092102050781,398.35540771484375,402.958251953125
134,524,0.635195791721344,215.2338409423828,244.67787170410156,196.9563446044922,145.71253967285156,233.51133728027344,244.67787170410156
134,730,0.5319787263870239,100.03323364257812,420.1191711425781,82.057861328125,311.302490234375,118.00860595703125,420.1191711425781
134,827,0.6199460625648499,513.7823486328125,141.9804229736328,500.8397521972656,76.85173034667969,526.7249755859375,141.9804229736328
134,717,0.7198732495307922,172.3916473388672,168.8026885986328,155.42124938964844,92.5997085571289,189.36204528808594,168.8026885986328
135,468,0.7071899771690369,187.71751403808594,479.9148864746094,164.4801788330078,352.78472900390625,210.95484924316406,479.9148864746094
135,307,0.808754026889801,123.46998596191406,479.974365234375,98.5194320678711,342.3981018066406,148.4205322265625,479.974365234375
135,704,0.43821775913238525,83.9544448852539,374.99151611328125,69.57730865478516,290.6629943847656,98.33158111572266,374.99151611328125
135,836,0.7091619372367859,128.97618103027344,183.07052612304688,117.70755767822266,109.16146850585938,140.2447967529297,183.07052612304688
135,843,0.7153031826019287,157.7037353515625,179.24964904785156,146.21737670898438,110.84037780761719,169.1901092529297,179.24964904785156
135,827,0.6869142651557922,508.5633239746094,135.64320373535156,496.07965087890625,73.17184448242188,521.0469970703125,135.64320373535156
135,724,0.8832809329032898,563.360595703125,479.82952880859375,532.4332275390625,398.5621337890625,594.2879638671875,479.82952880859375
135,722,0.7729862928390503,242.73936462402344,224.7142333984375,229.42572021484375,150.6856231689453,256.0530090332031,224.7142333984375
135,459,0.6670586466789246,191.12167358398438,165.7161102294922,177.4549560546875,97.54000854492188,204.7884063720703,165.7161102294922
136,468,0.35342735052108765,187.7034912109375,477.6976623535156,163.98001098632812,347.8242492675781,211.42697143554688,477.6976623535156
136,307,0.8335433006286621,122.83845520019531,479.99609375,97.72217559814453,342.98614501953125,147.95472717285156,479.99609375
136,836,0.5121577978134155,128.58963012695312,166.62628173828125,118.62043762207031,101.72663116455078,138.558837890625,166.62628173828125
136,827,0.4175969958305359,512.6301879882812,136.54193115234375,499.9395751953125,71.9132080078125,525.32080078125,136.54193115234375
136,641,0.7495408058166504,184.4656524658203,203.69390869140625,169.6309356689453,118.20063781738281,199.3003692626953,203.69390869140625
136,791,0.43197351694107056,533.1351318359375,139.12857055664062,521.9837646484375,75.43248748779297,544.2865600585938,139.12857055664062
136,721,0.6465979218482971,157.9183349609375,146.9010467529297,146.3418731689453,82.92760467529297,169.49481201171875,146.9010467529297
136,524,0.7827907800674438,214.02197265625,260.2436828613281,198.09228515625,173.16458129882812,229.95166015625,260.2436828613281
137,468,0.5057520866394043,186.40052795410156,477.37200927734375,163.39715576171875,350.65301513671875,209.40390014648438,477.37200927734375
137,307,0.7796697020530701,124.91761779785156,480.0,100.05073547363281,344.5374755859375,149.7845001220703,480.0
137,827,0.7170397639274597,509.6001892089844,137.97317504882812,496.74176025390625,72.0505142211914,522.4586181640625,137.97317504882812
137,524,0.7939545512199402,214.91497802734375,264.99932861328125,200.8440704345703,197.40679931640625,228.98587036132812,264.99932861328125
137,625,0.722419023513794,112.7928466796875,328.07958984375,87.98015594482422,214.2420196533203,137.60552978515625,328.07958984375
137,684,0.6867356896400452,135.37823486328125,294.1933288574219,117.6472396850586,194.3236846923828,153.10922241210938,294.1933288574219
137,843,0.8348249197006226,163.20513916015625,213.92910766601562,149.7729949951172,134.55484008789062,176.63726806640625,213.92910766601562
137,722,0.6615162491798401,242.56787109375,230.14747619628906,230.58042907714844,163.9060821533203,254.5552978515625,230.14747619628906
137,459,0.4709874093532562,195.016845703125,151.96853637695312,181.8351287841797,87.46797943115234,208.1985626220703,151.96853637695312
138,468,0.47171276807785034,185.51470947265625,477.7642517089844,162.5274200439453,350.25732421875,208.5019989013672,477.7642517089844
138,307,0.7823303937911987,123.72502136230469,480.0,98.50833892822266,344.3554382324219,148.9416961669922,480.0
138,827,0.7362434267997742,505.1473083496094,139.7586669921875,492.2548828125,73.19551086425781,518.0397338867188,139.7586669921875
138,524,0.867451012134552,222.14984130859375,266.008056640625,205.4510498046875,185.69833374023438,238.84864807128906,266.008056640625
138,857,0.6066187620162964,474.0535888671875,141.77975463867188,462.046630859375,73.11305236816406,486.0605163574219,141.77975463867188
138,684,0.7719113826751709,136.89991760253906,266.281005859375,119.96627807617188,172.26681518554688,153.83355712890625,266.281005859375
138,745,0.5028565526008606,227.345458984375,153.09539794921875,215.182373046875,86.75414276123047,239.508544921875,153.09539794921875
139,468,0.6585339307785034,182.27496337890625,478.8624572753906,159.25047302246094,351.045654296875,205.29945373535156,478.8624572753906
139,307,0.7870144248008728,124.28968048095703,480.0,99.100341796875,344.1834716796875,149.47901916503906,480.0
139,827,0.672623872756958,498.9626159667969,137.07687377929688,486.5713806152344,72.37435150146484,511.3538513183594,137.07687377929688
139,524,0.8420056700706482,220.4031982421875,251.27444458007812,203.36175537109375,168.7203826904297,237.44464111328125,251.27444458007812
139,857,0.5922265648841858,474.2996826171875,141.45579528808594,462.34967041015625,73.11972045898438,486.2497253417969,141.45579528808594
139,520,0.7391899228096008,22.98347282409668,429.1932678222656,0.0,291.5551452636719,45.96694564819336,429.1932678222656
139,423,0.6907610297203064,90.67156982421875,258.8512878417969,75.15953826904297,184.76870727539062,106.18359375,258.8512878417969
139,601,0.4438804090023041,131.91326904296875,84.59398651123047,124.13593292236328,41.34252166748047,139.69061279296875,84.59398651123047
139,791,0.7316952347755432,524.62255859375,138.6948699951172,513.0092163085938,72.1819839477539,536.2359008789062,138.6948699951172
139,625,0.5035200715065002,122.10867309570312,324.8769226074219,103.62693786621094,242.60369873046875,140.5904083251953,324.8769226074219
140,468,0.6685943007469177,181.2034912109375,479.6138000488281,158.14544677734375,351.1933898925781,204.2615509033203,479.6138000488281
140,307,0.7355866432189941,123.5849609375,480.0,98.32830810546875,344.11083984375,148.84161376953125,480.0
140,827,0.6850159764289856,496.65081787109375,136.53695678710938,484.3206481933594,71.44913482666016,508.98101806640625,136.53695678710938
140,524,0.8137758374214172,215.12474060058594,228.28839111328125,198.7496795654297,147.90016174316406,231.4998016357422,228.28839111328125
140,857,0.6967967748641968,474.8353576660156,141.4573516845703,462.72930908203125,72.20236206054688,486.94140625,141.4573516845703
140,864,0.697152316570282,151.1774139404297,328.7242736816406,135.60653686523438,253.95181274414062,166.748291015625,328.7242736816406
140,865,0.5060366988182068,545.9081420898438,140.71099853515625,535.4656372070312,74.37764739990234,556.3506469726562,140.71099853515625
140,791,0.6965388655662537,524.590087890625,138.53518676757812,513.0167846679688,71.4884033203125,536.163330078125,138.53518676757812
140,625,0.47635284066200256,124.31475830078125,322.9549560546875,106.64631652832031,241.08790588378906,141.9832000732422,322.9549560546875
140,703,0.8219208717346191,20.536108016967773,338.9011535644531,0.0,222.48733520507812,41.07221603393555,338.9011535644531
141,468,0.6608555316925049,185.97427368164062,479.6239318847656,163.2134246826172,352.13140869140625,208.73513793945312,479.6239318847656
141,307,0.7683180570602417,123.57591247558594,480.0,98.29473876953125,343.9369201660156,148.85708618164062,480.0
141,827,0.6023691892623901,495.94268798828125,137.56822204589844,483.6723327636719,71.9970932006836,508.21307373046875,137.56822204589844
141,857,0.7108252644538879,476.72833251953125,141.78631591796875,464.4764404296875,71.80821990966797,488.980224609375,141.78631591796875
141,791,0.7379886507987976,518.9716796875,139.2839813232422,507.2693176269531,72.0564193725586,530.674072265625,139.2839813232422
141,689,0.8683289289474487,470.9300537109375,480.0,449.0356750488281,368.47991943359375,492.82440185546875,480.0
142,468,0.6998565793037415,183.6742401123047,479.8990478515625,160.5972137451172,351.24853515625,206.7512664794922,479.8990478515625
142,307,0.7907932996749878,123.92416381835938,480.0,98.64610290527344,343.9083251953125,149.2022247314453,480.0
142,827,0.6934519410133362,496.0829772949219,140.59751892089844,483.8740539550781,74.45142364501953,508.2919006347656,140.59751892089844
142,857,0.4493340253829956,478.16583251953125,140.52651977539062,467.0888977050781,76.50430297851562,489.2427978515625,140.52651977539062
142,873,0.46207761764526367,95.81138610839844,413.1304016113281,74.22637939453125,298.47943115234375,117.39640045166016,413.1304016113281
142,689,0.8348154425621033,478.5422058105469,480.0,455.7261047363281,369.30645751953125,501.3583068847656,480.0
142,772,0.7717674374580383,404.1318359375,163.06756591796875,391.2955017089844,94.516357421875,416.9681701660156,163.06756591796875
142,771,0.5433408617973328,467.0302734375,141.5028839111328,456.0348815917969,76.96123504638672,478.0256652832031,141.5028839111328
142,555,0.8979878425598145,412.6800537109375,480.0,387.6434326171875,356.3478088378906,437.7166442871094,480.0
142,459,0.7581130862236023,195.231201171875,176.59825134277344,181.50013732910156,108.6281509399414,208.9622802734375,176.59825134277344
142,520,0.6318119764328003,32.16399383544922,413.94464111328125,10.511272430419922,298.4124755859375,53.81671142578125,413.94464111328125
143,468,0.6753723621368408,182.11663818359375,479.99951171875,159.25509643554688,352.66864013671875,204.97816467285156,479.99951171875
143,307,0.7704797983169556,124.27926635742188,480.0,98.96843719482422,343.83917236328125,149.59010314941406,480.0
143,827,0.6400455832481384,494.0790710449219,137.20770263671875,482.3415832519531,72.70757293701172,505.8165588378906,137.20770263671875
143,873,0.4033347964286804,92.60713195800781,413.70257568359375,69.74329376220703,292.22210693359375,115.47096252441406,413.70257568359375
143,555,0.8430136442184448,417.6451416015625,459.9687805175781,389.1737976074219,313.83648681640625,446.116455078125,459.9687805175781
143,459,0.6953939199447632,192.67803955078125,169.66879272460938,179.160400390625,102.8682861328125,206.1956787109375,169.66879272460938
143,520,0.7274232506752014,34.382476806640625,389.02447509765625,16.715389251708984,294.7981872558594,52.049564361572266,389.02447509765625
143,736,0.6692171692848206,454.576171875,168.07826232910156,444.1067810058594,96.0481185913086,465.0455322265625,168.07826232910156
143,733,0.8552977442741394,479.19415283203125,440.5237121582031,449.6741027832031,305.56475830078125,508.71417236328125,440.5237121582031
144,468,0.6329456567764282,182.91409301757812,480.0,159.95962524414062,351.59185791015625,205.86856079101562,480.0
144,307,0.7894040942192078,124.54391479492188,480.0,98.99665069580078,342.0840148925781,150.0911865234375,480.0
144,873,0.7907310724258423,90.09191131591797,414.70361328125,66.74549102783203,290.3002624511719,113.4383316040039,414.70361328125
144,879,0.3545893430709839,9.953926086425781,422.5713806152344,0.39524760842323303,293.68701171875,19.512603759765625,422.5713806152344
144,641,0.5961571931838989,174.6551513671875,155.21682739257812,163.3190460205078,94.04717254638672,185.99124145507812,155.21682739257812
144,771,0.6900056004524231,467.3914794921875,136.7760467529297,456.8318786621094,74.1978759765625,477.9510498046875,136.7760467529297
145,468,0.5972342491149902,185.6361541748047,479.8271789550781,161.8263702392578,346.9473876953125,209.44593811035156,479.8271789550781
145,307,0.8236034512519836,124.86662292480469,480.0,99.52519989013672,342.8625183105469,150.2080535888672,480.0
145,873,0.730646014213562,94.8619155883789,409.52569580078125,72.50951385498047,290.10491943359375,117.21431732177734,409.52569580078125
145,888,0.5196927189826965,428.31402587890625,145.56448364257812,417.7447204589844,76.927734375,438.8833312988281,145.56448364257812
145,890,0.8017679452896118,440.34259033203125,325.5276794433594,424.8472595214844,203.76947021484375,455.8379211425781,325.5276794433594
145,721,0.7906736731529236,149.25210571289062,146.80758666992188,138.08135986328125,87.419189453125,160.4228515625,146.80758666992188
145,772,0.6816967725753784,406.516357421875,153.94801330566406,393.68011474609375,84.16683197021484,419.35260009765625,153.94801330566406
145,520,0.43690863251686096,37.76762390136719,374.0066833496094,16.279281616210938,252.9720916748047,59.25596237182617,374.0066833496094
146,468,0.643567681312561,187.1053466796875,479.68804931640625,164.14486694335938,351.8172607421875,210.06581115722656,479.68804931640625
146,307,0.8130646347999573,125.33515930175781,480.0,100.01911926269531,342.7938232421875,150.6511993408203,480.0
146,873,0.5996560454368591,102.4465560913086,394.0505065917969,82.52548217773438,287.8837585449219,122.36763000488281,394.0505065917969
146,890,0.8554218411445618,441.224365234375,294.2989501953125,426.4883117675781,178.9651641845703,455.9604187011719,294.2989501953125
146,520,0.7685810327529907,34.319637298583984,328.64404296875,15.516244888305664,221.30299377441406,53.12303161621094,328.64404296875
146,693,0.7064310908317566,549.8901977539062,241.33343505859375,534.66162109375,149.698486328125,565.1187744140625,241.33343505859375
146,640,0.735325276851654,66.08486938476562,329.3948059082031,45.86084747314453,224.9962921142578,86.30889892578125,329.3948059082031
147,307,0.7356468439102173,125.3039779663086,480.0,95.02201843261719,312.70745849609375,155.5859375,480.0
147,890,0.8742157220840454,444.80010986328125,253.68006896972656,431.0731506347656,147.16592407226562,458.5270690917969,253.68006896972656
147,901,0.8556939959526062,478.66265869140625,247.88827514648438,461.85577392578125,151.7758026123047,495.46954345703125,247.88827514648438
147,902,0.8539658188819885,408.0293884277344,228.77188110351562,393.0166931152344,150.41268920898438,423.0420837402344,228.77188110351562
148,307,0.820382833480835,126.22665405273438,480.0,99.09044647216797,329.83062744140625,153.3628692626953,480.0
148,890,0.8697680830955505,446.520751953125,216.03695678710938,433.8394775390625,118.72229766845703,459.2020263671875,216.03695678710938
148,901,0.8464975357055664,480.3094177246094,218.27175903320312,464.55126953125,128.05166625976562,496.06756591796875,218.27175903320312
148,902,0.8293272852897644,400.2825927734375,205.8516082763672,386.19256591796875,132.62127685546875,414.3725891113281,205.8516082763672
149,307,0.7912176251411438,126.40184783935547,480.0,99.28424072265625,328.7691650390625,153.5194549560547,480.0
149,890,0.8420124650001526,444.171630859375,189.65846252441406,432.39447021484375,100.19627380371094,455.94879150390625,189.65846252441406
149,901,0.7984010577201843,470.83099365234375,189.99044799804688,456.65582275390625,108.72218322753906,485.00616455078125,189.99044799804688
149,902,0.8045719265937805,393.4603271484375,184.4838409423828,380.4025573730469,116.93958282470703,406.51812744140625,184.4838409423828
149,911,0.6178468465805054,522.55517578125,161.40997314453125,509.9358215332031,95.84315490722656,535.174560546875,161.40997314453125
149,915,0.39144399762153625,130.45547485351562,397.70611572265625,102.43653869628906,289.32135009765625,158.47439575195312,397.70611572265625
149,717,0.7712374925613403,170.65188598632812,161.96743774414062,154.52325439453125,92.250244140625,186.78050231933594,161.96743774414062
149,745,0.5884283185005188,231.73834228515625,159.89413452148438,218.98593139648438,91.02859497070312,244.49073791503906,159.89413452148438
149,423,0.6440057158470154,103.01172637939453,237.65109252929688,86.61579895019531,154.79347229003906,119.40765380859375,237.65109252929688
149,459,0.5243631601333618,200.04757690429688,165.3230438232422,186.15292358398438,95.5110092163086,213.94224548339844,165.3230438232422
150,307,0.7483393549919128,127.01828002929688,480.0,100.8735580444336,333.46148681640625,153.1630096435547,480.0
150,901,0.7874176502227783,462.76904296875,166.88607788085938,449.8159484863281,92.62583923339844,475.72216796875,166.88607788085938
150,902,0.747916579246521,389.481689453125,168.70228576660156,376.8897705078125,103.92654418945312,402.0735778808594,168.70228576660156
150,717,0.791032612323761,174.74256896972656,159.41282653808594,159.40423583984375,91.79887390136719,190.08090209960938,159.41282653808594
150,724,0.8808501958847046,597.71630859375,468.6069641113281,555.4326171875,329.3927917480469,640.0,468.6069641113281
150,684,0.7043015956878662,145.59793090820312,232.85365295410156,130.72369384765625,152.71624755859375,160.47215270996094,232.85365295410156
150,888,0.8417277336120605,433.8460693359375,164.9915313720703,421.68927001953125,86.2188949584961,446.0028381347656,164.9915313720703
150,721,0.7606455087661743,143.72137451171875,164.40423583984375,129.55860900878906,92.2656021118164,157.88412475585938,164.40423583984375
150,468,0.5956345796585083,185.44723510742188,479.6615295410156,162.7772979736328,353.3299255371094,208.11715698242188,479.6615295410156
150,693,0.6238051056861877,543.8435668945312,186.423095703125,530.8441162109375,111.25521850585938,556.843017578125,186.423095703125
151,307,0.764103353023529,126.0702133178711,480.0,95.07276916503906,302.728271484375,157.06765747070312,480.0
151,901,0.7773219347000122,454.60125732421875,147.20542907714844,442.68829345703125,78.97587585449219,466.51422119140625,147.20542907714844
151,902,0.7765933871269226,390.7850646972656,154.073486328125,378.8870544433594,92.75631713867188,402.6830749511719,154.073486328125
151,919,0.7040576338768005,126.03965759277344,209.59434509277344,113.82027435302734,133.22531127929688,138.259033203125,209.59434509277344
151,724,0.868984043598175,606.352294921875,474.7215881347656,572.70458984375,370.3004455566406,640.0,474.7215881347656
151,684,0.8072380423545837,156.8603973388672,218.4398651123047,142.1558380126953,140.2509307861328,171.56495666503906,218.4398651123047
151,888,0.8480413556098938,429.2406921386719,156.62637329101562,417.2433776855469,79.29429626464844,441.2380065917969,156.62637329101562
151,468,0.6122739911079407,186.0866241455078,479.49066162109375,162.9590301513672,351.6196594238281,209.21421813964844,479.49066162109375
152,307,0.8418521285057068,136.35365295410156,479.97430419921875,108.8126449584961,325.474853515625,163.8946533203125,479.97430419921875
152,901,0.806393027305603,440.76104736328125,132.3023681640625,429.5389099121094,68.1218032836914,451.9831848144531,132.3023681640625
152,902,0.729300856590271,390.07452392578125,141.17860412597656,378.7064208984375,82.82237243652344,401.4426574707031,141.17860412597656
152,684,0.8261141777038574,164.63095092773438,204.66018676757812,149.91360473632812,128.9016571044922,179.34829711914062,204.66018676757812
152,468,0.5553781390190125,191.35198974609375,474.9676513671875,169.47084045410156,356.1229553222656,213.23312377929688,474.9676513671875
152,923,0.7065389752388,562.732177734375,219.91458129882812,548.3829956054688,137.01266479492188,577.0814208984375,219.91458129882812
152,772,0.7842410802841187,411.2908630371094,136.7929229736328,398.47430419921875,65.47920227050781,424.107421875,136.7929229736328
152,873,0.5444162487983704,113.38784790039062,379.8357238769531,96.35604095458984,287.48895263671875,130.41966247558594,379.8357238769531
152,721,0.8080969452857971,139.24127197265625,190.22390747070312,125.03846740722656,116.39334869384766,153.44407653808594,190.22390747070312
153,307,0.8338901400566101,139.7624053955078,479.99169921875,114.07850646972656,337.21087646484375,165.44630432128906,479.99169921875
153,902,0.725951075553894,392.72845458984375,126.9853515625,379.7703857421875,59.696083068847656,405.6864929199219,126.9853515625
153,684,0.7529456615447998,171.299072265625,189.31692504882812,157.60223388671875,118.79815673828125,184.99591064453125,189.31692504882812
153,468,0.7839800715446472,195.12893676757812,478.2294006347656,171.86764526367188,351.11053466796875,218.39024353027344,478.2294006347656
153,923,0.7950311899185181,572.1907958984375,244.96083068847656,556.759521484375,156.1321563720703,587.6220703125,244.96083068847656
153,772,0.7802597284317017,418.7647705078125,124.60317993164062,407.6352844238281,60.79501724243164,429.8942565917969,124.60317993164062
153,873,0.4163704812526703,114.6400146484375,380.31854248046875,97.68883514404297,287.5155334472656,131.59120178222656,380.31854248046875
153,721,0.8099736571311951,139.62083435058594,186.65786743164062,126.09513092041016,115.74939727783203,153.1465301513672,186.65786743164062
154,307,0.8313645720481873,134.67881774902344,479.643798828125,109.43897247314453,340.1700439453125,159.91867065429688,479.643798828125
154,684,0.8052825927734375,182.36184692382812,177.202392578125,169.26271057128906,109.20807647705078,195.46096801757812,177.202392578125
154,923,0.7324610352516174,580.505859375,280.22845458984375,563.7149658203125,183.74220275878906,597.2966918945312,280.22845458984375
154,721,0.7824583649635315,146.22509765625,178.5732421875,133.31112670898438,109.44032287597656,159.1390838623047,178.5732421875
154,915,0.5569632649421692,125.13764190673828,395.54962158203125,97.4405517578125,287.93170166015625,152.83473205566406,395.54962158203125
155,307,0.8547365665435791,132.98898315429688,479.74444580078125,107.91619110107422,342.0246887207031,158.061767578125,479.74444580078125
155,684,0.7540562152862549,186.67495727539062,165.72198486328125,174.1969757080078,101.175048828125,199.15293884277344,165.72198486328125
155,923,0.732615053653717,585.660400390625,318.1240539550781,567.7763671875,215.2238006591797,603.5443725585938,318.1240539550781
155,721,0.7520235776901245,142.24563598632812,169.21502685546875,129.30699157714844,98.1457748413086,155.18426513671875,169.21502685546875
155,915,0.5070458650588989,130.6458740234375,392.17919921875,107.07500457763672,299.6444091796875,154.21673583984375,392.17919921875
155,524,0.7611709833145142,216.59835815429688,163.871337890625,207.78875732421875,121.09193420410156,225.40797424316406,163.871337890625
155,717,0.681626558303833,167.52655029296875,160.94456481933594,154.08355712890625,98.01541900634766,180.9695587158203,160.94456481933594
155,902,0.36047717928886414,390.322509765625,102.23331451416016,378.8882141113281,42.525245666503906,401.7568054199219,102.23331451416016
155,468,0.6663114428520203,196.8009033203125,476.7799377441406,173.33995056152344,346.734375,220.26187133789062,476.7799377441406
155,873,0.35356634855270386,114.27906799316406,385.4319763183594,96.75230407714844,286.94500732421875,131.8058319091797,385.4319763183594
156,307,0.8448560833930969,132.49461364746094,479.8514709472656,107.40361785888672,342.76678466796875,157.5856170654297,479.8514709472656
156,684,0.6486392021179199,188.11306762695312,155.15672302246094,175.9024658203125,93.04523468017578,200.3236541748047,155.15672302246094
156,923,0.7595546245574951,593.4169921875,362.77630615234375,574.2254028320312,252.6891632080078,612.6085815429688,362.77630615234375
156,721,0.5937754511833191,141.42349243164062,171.9944305419922,128.7906494140625,99.63455963134766,154.0563507080078,171.9944305419922
156,915,0.5508884191513062,127.19170379638672,392.64495849609375,101.46253967285156,291.2848205566406,152.92086791992188,392.64495849609375
156,524,0.7190475463867188,212.64559936523438,153.83848571777344,204.29054260253906,112.81877136230469,221.00064086914062,153.83848571777344
156,717,0.7257430553436279,160.2933349609375,168.42904663085938,145.5557861328125,97.98257446289062,175.0308837890625,168.42904663085938
156,733,0.8819701075553894,429.0087890625,480.0,407.7532958984375,392.34375,450.2642822265625,480.0
157,307,0.8301297426223755,132.3041229248047,479.9408874511719,107.10063934326172,342.88873291015625,157.5076141357422,479.9408874511719
157,923,0.6279112696647644,601.5529174804688,409.89691162109375,581.4322509765625,295.5145263671875,621.673583984375,409.89691162109375
157,915,0.46885260939598083,133.6759796142578,389.79510498046875,111.53585052490234,300.400390625,155.81610107421875,389.79510498046875
157,717,0.7816422581672668,164.56130981445312,176.9136199951172,149.60671997070312,102.48949432373047,179.51588439941406,176.9136199951172
157,733,0.8156189322471619,429.8519287109375,480.0,404.8515319824219,381.5619812011719,454.8523254394531,480.0
157,689,0.594406008720398,480.2044677734375,480.0,464.89422607421875,418.5561828613281,495.51470947265625,480.0
157,459,0.6746086478233337,202.55569458007812,144.728271484375,190.3450927734375,81.87545013427734,214.76629638671875,144.728271484375
157,468,0.5016568899154663,195.24974060058594,478.6829528808594,172.70579528808594,352.66259765625,217.79368591308594,478.6829528808594
158,307,0.7824771404266357,131.86392211914062,479.9823913574219,106.48249816894531,342.5323791503906,157.24533081054688,479.9823913574219
158,717,0.8034776449203491,170.17050170898438,187.05386352539062,154.8327178955078,108.79297637939453,185.50830078125,187.05386352539062
158,733,0.8848693370819092,428.0531005859375,480.0,400.2953796386719,368.0140380859375,455.81085205078125,480.0
158,468,0.639197051525116,196.4212646484375,478.86895751953125,173.9052734375,350.9567565917969,218.937255859375,478.86895751953125
158,690,0.4521275460720062,491.25048828125,479.45220947265625,471.1947937011719,375.4002380371094,511.30615234375,479.45220947265625
158,724,0.8153871297836304,615.0272827148438,479.3100280761719,590.0545654296875,365.70330810546875,640.0,479.3100280761719
158,721,0.750613808631897,147.19451904296875,189.49790954589844,134.1439666748047,112.81622314453125,160.2450714111328,189.49790954589844
159,307,0.8300315737724304,131.33416748046875,479.99761962890625,105.96874237060547,343.7107238769531,156.6995849609375,479.99761962890625
159,717,0.8543547987937927,169.16183471679688,201.80816650390625,153.1779327392578,118.5761489868164,185.14573669433594,201.80816650390625
159,733,0.8961161971092224,439.09857177734375,480.0,408.793701171875,356.3945617675781,469.4034423828125,480.0
159,468,0.8089553117752075,195.7193603515625,478.8488464355469,172.86563110351562,348.7297668457031,218.57310485839844,478.8488464355469
159,721,0.6986004114151001,144.59898376464844,203.96006774902344,131.03817749023438,122.44549560546875,158.1597900390625,203.96006774902344
159,555,0.8836113810539246,349.497314453125,465.5079040527344,322.7865295410156,326.9727478027344,376.2080993652344,465.5079040527344
159,873,0.5878950357437134,125.62222290039062,386.7306823730469,107.04651641845703,287.04888916015625,144.19793701171875,386.7306823730469
160,307,0.7730681300163269,124.09339904785156,479.8186950683594,99.42832946777344,346.560791015625,148.7584686279297,479.8186950683594
160,717,0.8762067556381226,167.82801818847656,218.08172607421875,151.32662963867188,130.32090759277344,184.32940673828125,218.08172607421875
160,468,0.6622697114944458,188.00387573242188,479.0989074707031,165.47259521484375,350.31549072265625,210.53514099121094,479.0989074707031
160,721,0.7129684090614319,143.16546630859375,218.27261352539062,129.4809112548828,134.56031799316406,156.8500213623047,218.27261352539062
160,945,0.7690642476081848,515.0657958984375,449.78021240234375,486.96539306640625,304.2154541015625,543.166259765625,449.78021240234375
160,915,0.6154888868331909,133.86776733398438,413.7531433105469,106.74996185302734,301.2661437988281,160.98556518554688,413.7531433105469
161,717,0.8213868737220764,172.43824768066406,238.22906494140625,155.27804565429688,144.9715576171875,189.59844970703125,238.22906494140625
161,468,0.7364338040351868,178.52493286132812,479.443115234375,157.09666442871094,361.2885437011719,199.95318603515625,479.443115234375
161,721,0.7947758436203003,146.9283447265625,239.69163513183594,132.24705505371094,148.65045166015625,161.60963439941406,239.69163513183594
161,945,0.569739043712616,520.3926391601562,403.1460266113281,498.3894348144531,289.082275390625,542.3958129882812,403.1460266113281
161,948,0.8980586528778076,430.2607727050781,354.18426513671875,406.9831848144531,231.14175415039062,453.5383605957031,354.18426513671875
161,949,0.7640154957771301,366.16754150390625,357.836669921875,346.11627197265625,241.6664581298828,386.2187805175781,357.836669921875
161,873,0.517945408821106,120.68572998046875,398.80804443359375,100.34059143066406,287.5303955078125,141.03086853027344,398.80804443359375
162,717,0.8119551539421082,178.5308837890625,264.1798400878906,159.9281005859375,160.6905517578125,197.13368225097656,264.1798400878906
162,468,0.7729959487915039,170.65982055664062,479.81689453125,147.52516174316406,350.8462219238281,193.79446411132812,479.81689453125
162,721,0.7637990713119507,148.67298889160156,259.4076232910156,133.6324462890625,165.50848388671875,163.71353149414062,259.4076232910156
162,945,0.8731130361557007,502.93634033203125,381.2466735839844,479.14141845703125,257.67755126953125,526.7312622070312,381.2466735839844
162,949,0.5147798657417297,358.46136474609375,339.7345886230469,340.1679992675781,234.00732421875,376.7547302246094,339.7345886230469
162,873,0.4824198782444,119.47889709472656,400.35406494140625,99.19828033447266,287.5824890136719,139.75950622558594,400.35406494140625
162,843,0.5919907093048096,214.03683471679688,479.8138732910156,201.52203369140625,427.24658203125,226.55162048339844,479.8138732910156
162,915,0.482684850692749,134.8824920654297,419.14990234375,106.95697784423828,298.6790466308594,162.80799865722656,419.14990234375
163,717,0.8437856435775757,186.589111328125,270.63433837890625,170.1590118408203,180.56036376953125,203.0192108154297,270.63433837890625
163,468,0.7180073857307434,168.03143310546875,479.92608642578125,144.44126892089844,346.8156433105469,191.62161254882812,479.92608642578125
163,721,0.7774558067321777,155.50689697265625,288.6664123535156,139.3119354248047,187.24330139160156,171.70184326171875,288.6664123535156
163,949,0.7405385375022888,370.30340576171875,326.11688232421875,351.4924621582031,218.6087646484375,389.11431884765625,326.11688232421875
163,873,0.48630306124687195,118.46553039550781,397.659912109375,98.91913604736328,287.6589050292969,138.0119171142578,397.659912109375
163,957,0.8416454792022705,528.5794677734375,345.8101806640625,510.2142333984375,227.59707641601562,546.9447021484375,345.8101806640625
163,958,0.825786292552948,179.08775329589844,181.8599395751953,165.46832275390625,102.30046844482422,192.70718383789062,181.8599395751953
163,915,0.49984443187713623,136.36941528320312,419.4980163574219,109.71542358398438,299.979248046875,163.0233917236328,419.4980163574219
163,459,0.7644404768943787,205.25267028808594,179.87559509277344,190.91363525390625,103.42353820800781,219.59170532226562,179.87559509277344
163,948,0.835037350654602,417.4737548828125,321.9908752441406,395.5450744628906,206.03631591796875,439.4024658203125,321.9908752441406
164,717,0.6846796870231628,186.55938720703125,280.4103698730469,172.780517578125,208.86500549316406,200.3382568359375,280.4103698730469
164,468,0.6844683885574341,166.49310302734375,479.80426025390625,144.15576171875,353.8360595703125,188.83045959472656,479.80426025390625
164,873,0.4832361340522766,118.1448974609375,396.6232604980469,99.04976654052734,287.84869384765625,137.2400360107422,396.6232604980469
164,957,0.8199531435966492,529.35693359375,328.6161193847656,511.37799072265625,213.2944793701172,547.3358154296875,328.6161193847656
164,958,0.7486150860786438,185.3604278564453,195.80514526367188,170.88262939453125,111.49996948242188,199.83822631835938,195.80514526367188
164,915,0.3517184853553772,136.17254638671875,419.6771240234375,110.98448181152344,303.1477966308594,161.360595703125,419.6771240234375
164,962,0.7503424286842346,484.16302490234375,336.784912109375,472.38922119140625,280.10986328125,495.9367980957031,336.784912109375
164,459,0.8095971941947937,213.8368682861328,191.4504852294922,198.94203186035156,111.87665557861328,228.73170471191406,191.4504852294922
164,948,0.7018659710884094,412.0855712890625,302.96929931640625,392.12066650390625,196.5171356201172,432.0505065917969,302.96929931640625
164,791,0.46522006392478943,490.12481689453125,102.99486541748047,480.9789123535156,50.821197509765625,499.2707214355469,102.99486541748047
164,827,0.5337361693382263,468.40985107421875,104.48949432373047,459.11016845703125,53.12064743041992,477.7095642089844,104.48949432373047
165,468,0.625720202922821,167.88751220703125,467.05499267578125,146.952880859375,350.4076232910156,188.8221435546875,467.05499267578125
165,873,0.6396382451057434,117.6667251586914,392.7088317871094,99.32817077636719,287.85369873046875,136.00527954101562,392.7088317871094
165,957,0.7993763089179993,521.904541015625,308.0982666015625,505.1831970214844,201.55389404296875,538.6259155273438,308.0982666015625
165,958,0.795975387096405,183.17233276367188,218.89883422851562,167.0562286376953,125.39892578125,199.28843688964844,218.89883422851562
165,915,0.44402262568473816,139.70730590820312,419.1788635253906,115.73722839355469,303.26495361328125,163.67739868164062,419.1788635253906
165,459,0.8020191192626953,214.36941528320312,211.41065979003906,198.36471557617188,125.08390045166016,230.3740997314453,211.41065979003906
165,948,0.7868283987045288,415.053955078125,279.5767822265625,396.4241027832031,180.09469604492188,433.68377685546875,279.5767822265625
165,970,0.8453210592269897,445.86212158203125,280.63800048828125,427.7857971191406,176.7808837890625,463.9384765625,280.63800048828125
165,879,0.8436833024024963,16.54976463317871,479.9308776855469,5.733633041381836,350.71282958984375,27.365896224975586,479.9308776855469
166,468,0.5195927619934082,167.05662536621094,468.28839111328125,145.3990020751953,347.65582275390625,188.71424865722656,468.28839111328125
166,957,0.8305761218070984,504.02520751953125,291.00494384765625,487.5071716308594,187.26097106933594,520.543212890625,291.00494384765625
166,915,0.49915754795074463,135.1567840576172,418.67559814453125,112.04598236083984,303.7314453125,158.267578125,418.67559814453125
166,459,0.8159809112548828,206.8930206298828,234.05784606933594,190.16807556152344,143.32293701171875,223.6179656982422,234.05784606933594
166,948,0.8584315180778503,408.9615478515625,253.9025421142578,391.6527099609375,161.43896484375,426.2704162597656,253.9025421142578
166,970,0.9064332246780396,445.226318359375,255.8699493408203,428.12860107421875,157.94070434570312,462.3240051269531,255.8699493408203
166,307,0.8538463115692139,145.5901641845703,479.778076171875,126.9616928100586,394.0522155761719,164.21864318847656,479.778076171875
167,468,0.7457455396652222,166.48379516601562,475.3544006347656,143.4827880859375,346.1336975097656,189.4848175048828,475.3544006347656
167,957,0.8382917642593384,491.3131103515625,273.7383728027344,475.016357421875,172.289794921875,507.6098327636719,273.7383728027344
167,915,0.5659536719322205,134.00555419921875,418.99188232421875,111.56562805175781,304.5720520019531,156.4454803466797,418.99188232421875
167,948,0.8364228010177612,406.6396179199219,228.87672424316406,390.54681396484375,143.17156982421875,422.732421875,228.87672424316406
167,970,0.8761520385742188,444.61181640625,232.19338989257812,428.0374755859375,137.58847045898438,461.1861572265625,232.19338989257812
167,977,0.5214307904243469,517.1431274414062,217.20785522460938,500.2372741699219,129.2508087158203,534.0489501953125,217.20785522460938
167,873,0.421324759721756,115.23118591308594,391.6913146972656,97.44979095458984,287.7061767578125,133.01258850097656,391.6913146972656
167,958,0.7992171049118042,183.35165405273438,265.705322265625,166.48898315429688,167.4266815185547,200.2143096923828,265.705322265625
168,915,0.7181203961372375,133.03567504882812,418.7591247558594,109.66545867919922,297.3541259765625,156.4058837890625,418.7591247558594
168,948,0.8087605237960815,399.9772644042969,211.73513793945312,384.4642333984375,128.9313201904297,415.49029541015625,211.73513793945312
168,970,0.8396114706993103,440.90869140625,210.6106414794922,425.1551513671875,121.08161926269531,456.6622619628906,210.6106414794922
168,977,0.7004194855690002,514.3392944335938,208.27793884277344,497.5011291503906,120.42593383789062,531.177490234375,208.27793884277344
168,690,0.7104929685592651,466.2676086425781,463.6195983886719,441.8444519042969,323.08416748046875,490.6907653808594,463.6195983886719
168,945,0.7927091121673584,465.75946044921875,251.90194702148438,447.1282043457031,154.41717529296875,484.3907165527344,251.90194702148438
168,721,0.7669426202774048,162.078857421875,301.1017761230469,145.74632263183594,200.9482421875,178.41140747070312,301.1017761230469
169,915,0.6735091805458069,132.61122131347656,418.3977355957031,108.51785278320312,290.9053039550781,156.70458984375,418.3977355957031
169,948,0.8590552806854248,393.64593505859375,195.94786071777344,378.9908752441406,117.53059387207031,408.3009948730469,195.94786071777344
169,977,0.724666178226471,512.9088134765625,205.44654846191406,496.150390625,117.6632308959961,529.667236328125,205.44654846191406
169,721,0.7359866499900818,156.5139617919922,310.8753662109375,140.33741760253906,213.65634155273438,172.6905059814453,310.8753662109375
169,888,0.8305183053016663,425.7945556640625,196.072998046875,412.00543212890625,110.6452407836914,439.58367919921875,196.072998046875
169,957,0.8207473754882812,470.527099609375,231.43350219726562,455.681884765625,139.37689208984375,485.3722839355469,231.43350219726562
169,958,0.6291024684906006,181.12814331054688,292.26873779296875,167.1869659423828,212.3570556640625,195.06932067871094,292.26873779296875
170,915,0.7138789892196655,130.98585510253906,418.35760498046875,107.06082153320312,290.8975524902344,154.910888671875,418.35760498046875
170,948,0.8000441193580627,393.893798828125,181.07041931152344,380.051513671875,106.6311264038086,407.736083984375,181.07041931152344
170,977,0.7023991346359253,503.9044494628906,205.13754272460938,487.00518798828125,116.21470642089844,520.8037109375,205.13754272460938
170,888,0.8137862682342529,423.72149658203125,188.39654541015625,409.9438781738281,104.8023681640625,437.4991149902344,188.39654541015625
170,957,0.7721761465072632,469.00848388671875,212.84927368164062,454.67645263671875,124.59765625,483.3405456542969,212.84927368164062
171,915,0.6604304313659668,131.992431640625,418.3183288574219,108.23870849609375,289.5335388183594,155.7461700439453,418.3183288574219
171,948,0.8250617980957031,398.0843505859375,166.27357482910156,385.1836242675781,97.11490631103516,410.98504638671875,166.27357482910156
171,977,0.7370357513427734,489.40777587890625,199.3715362548828,473.0564270019531,112.938720703125,505.75909423828125,199.3715362548828
171,640,0.8244363069534302,19.593006134033203,339.90631103515625,0.0,228.9903564453125,39.186012268066406,339.90631103515625
171,970,0.7692013382911682,431.4014892578125,170.04449462890625,417.3849792480469,90.57560729980469,445.41796875,170.04449462890625
171,945,0.707602858543396,444.80462646484375,201.701171875,428.5683898925781,117.20433807373047,461.0408935546875,201.701171875
172,915,0.6738163828849792,133.40126037597656,418.2237854003906,111.10488891601562,295.7063903808594,155.6976318359375,418.2237854003906
172,945,0.5650226473808289,442.6942138671875,183.45040893554688,426.1759033203125,97.689208984375,459.2125549316406,183.45040893554688
172,733,0.7689532041549683,428.2606201171875,448.3509521484375,395.29803466796875,300.37017822265625,461.2232360839844,448.3509521484375
172,873,0.4074045419692993,117.49462127685547,400.9624328613281,98.59129333496094,288.18804931640625,136.39794921875,400.9624328613281
172,690,0.7574287056922913,460.7439270019531,431.3743896484375,436.90606689453125,296.37225341796875,484.581787109375,431.3743896484375
172,888,0.7259480357170105,413.9422607421875,191.7312469482422,399.11590576171875,103.57172393798828,428.76861572265625,191.7312469482422
173,915,0.7092393636703491,133.9022979736328,418.08489990234375,112.3073959350586,297.67352294921875,155.4971923828125,418.08489990234375
173,888,0.728316605091095,411.85797119140625,166.41970825195312,398.9968566894531,89.87288665771484,424.7191162109375,166.41970825195312
173,949,0.5633520483970642,396.79913330078125,179.61810302734375,382.6641845703125,99.8814468383789,410.9341125488281,179.61810302734375
173,957,0.8386632204055786,443.08660888671875,150.68060302734375,431.00421142578125,77.321533203125,455.16900634765625,150.68060302734375
174,915,0.6660779118537903,132.96658325195312,418.32733154296875,111.60768127441406,297.5894470214844,154.32546997070312,418.32733154296875
174,888,0.7874717116355896,411.31756591796875,147.36611938476562,400.0335388183594,80.97782897949219,422.6015930175781,147.36611938476562
174,1003,0.37398502230644226,67.65756225585938,149.02865600585938,55.299659729003906,94.05354309082031,80.01545715332031,149.02865600585938
174,957,0.8229390978813171,437.6244812011719,138.727294921875,425.65692138671875,67.22464752197266,449.592041015625,138.727294921875
174,468,0.7006086707115173,170.4636688232422,478.89697265625,146.05355834960938,343.3326110839844,194.873779296875,478.89697265625
175,915,0.6829749941825867,132.27349853515625,418.35260009765625,110.91938018798828,296.9720458984375,153.6276092529297,418.35260009765625
175,957,0.8385475873947144,431.6263732910156,128.52655029296875,420.14312744140625,60.599639892578125,443.109619140625,128.52655029296875
175,1006,0.7279175519943237,363.7144775390625,479.9369201660156,317.23193359375,359.00701904296875,410.1969909667969,479.9369201660156
175,690,0.878791868686676,449.5267639160156,470.69635009765625,425.58221435546875,344.8652648925781,473.4713134765625,470.69635009765625
175,949,0.83000648021698,402.6375732421875,134.93569946289062,391.65460205078125,73.44393920898438,413.62054443359375,134.93569946289062
176,915,0.6076706647872925,133.557861328125,418.4239196777344,112.36127471923828,297.24615478515625,154.75445556640625,418.4239196777344
176,957,0.7783771753311157,422.8707275390625,119.59931945800781,411.9934387207031,55.68131637573242,433.74798583984375,119.59931945800781
176,1008,0.6868923902511597,154.32826232910156,100.2892837524414,144.3673553466797,51.838775634765625,164.28916931152344,100.2892837524414
176,690,0.8138962388038635,447.0351257324219,442.6956787109375,423.09674072265625,319.2975769042969,470.9735107421875,442.6956787109375
176,949,0.7375646829605103,399.0458984375,124.09506225585938,388.4604187011719,64.44686889648438,409.6313781738281,124.09506225585938
176,873,0.4286806285381317,117.96734619140625,398.4198303222656,99.67729949951172,288.4340515136719,136.25738525390625,398.4198303222656
176,468,0.6418029069900513,179.60888671875,478.8067626953125,156.648681640625,351.3066101074219,202.56910705566406,478.8067626953125
177,915,0.6811832189559937,131.3165283203125,418.06646728515625,109.13550567626953,290.89080810546875,153.49755859375,418.06646728515625
177,957,0.7585493922233582,416.98101806640625,112.5167236328125,406.47308349609375,51.433902740478516,427.4889221191406,112.5167236328125
177,1008,0.6391061544418335,152.69668579101562,94.49136352539062,143.03831481933594,47.38979721069336,162.35507202148438,94.49136352539062
177,690,0.8365287184715271,449.1922302246094,403.011962890625,426.0677185058594,286.9405212402344,472.3167419433594,403.011962890625
177,468,0.5934410691261292,183.86566162109375,479.0809326171875,161.09713745117188,352.3440246582031,206.63418579101562,479.0809326171875
177,1003,0.4233990013599396,68.73021697998047,149.28660583496094,56.36989212036133,94.30057525634766,81.09053802490234,149.28660583496094
178,915,0.7648950219154358,129.34495544433594,418.2879638671875,106.78028869628906,289.5186767578125,151.9096221923828,418.2879638671875
178,1013,0.8196749687194824,395.6867980957031,352.1483459472656,374.23583984375,237.49986267089844,417.13775634765625,352.1483459472656
178,949,0.7886852622032166,404.67498779296875,105.96131896972656,394.2489929199219,47.228145599365234,415.1009826660156,105.96131896972656
179,915,0.7481868267059326,133.16207885742188,418.2658386230469,112.44581604003906,298.9500427246094,153.87832641601562,418.2658386230469
179,1016,0.7622754573822021,468.08721923828125,319.09735107421875,446.00665283203125,217.9840850830078,490.1678161621094,319.09735107421875
179,423,0.5311461687088013,146.25949096679688,153.2804718017578,129.80038452148438,76.32862091064453,162.7185821533203,153.2804718017578
179,873,0.44430339336395264,115.30291748046875,387.413330078125,98.88965606689453,287.45721435546875,131.71617126464844,387.413330078125
180,1016,0.8426524996757507,464.48907470703125,287.0859375,443.9284973144531,192.8268585205078,485.0496826171875,287.0859375
180,1019,0.8546751737594604,590.353515625,467.8786315917969,571.1091918945312,337.2399597167969,609.5978393554688,467.8786315917969
180,423,0.683933436870575,142.51095581054688,148.91917419433594,128.6402587890625,81.96788024902344,156.3816375732422,148.91917419433594
180,873,0.646664559841156,118.10648345947266,399.5595703125,99.92218017578125,288.16839599609375,136.29078674316406,399.5595703125
180,468,0.7597879767417908,172.9075927734375,479.9385681152344,149.00794982910156,348.2209167480469,196.8072509765625,479.9385681152344
180,1003,0.4539249837398529,69.59120178222656,148.71926879882812,57.503456115722656,94.66181945800781,81.67894744873047,148.71926879882812
181,1016,0.7709073424339294,457.23895263671875,258.74224853515625,438.0198669433594,170.70062255859375,476.4580383300781,258.74224853515625
181,873,0.5618942975997925,118.29866790771484,403.9534606933594,99.86122131347656,290.2283935546875,136.73611450195312,403.9534606933594
181,1023,0.8698652982711792,502.0368347167969,419.71368408203125,479.27777099609375,296.18988037109375,524.7958984375,419.71368408203125
181,1024,0.7351866960525513,420.326416015625,257.795654296875,404.13970947265625,165.1850128173828,436.51312255859375,257.795654296875
181,468,0.6623773574829102,171.76095581054688,480.0,148.28292846679688,351.0165100097656,195.23898315429688,480.0
181,1003,0.3892285227775574,68.97607421875,148.21658325195312,56.87548065185547,94.3465576171875,81.07666015625,148.21658325195312
181,733,0.8836688995361328,425.65557861328125,406.67559814453125,399.262939453125,286.868896484375,452.0482482910156,406.67559814453125
181,915,0.4876866340637207,140.9451904296875,416.7159423828125,120.44181060791016,293.3183288574219,161.44857788085938,416.7159423828125
182,1016,0.7933745980262756,459.87005615234375,232.79586791992188,441.83990478515625,149.85409545898438,477.9001770019531,232.79586791992188
182,873,0.5033379197120667,118.42900848388672,391.4386901855469,101.81306457519531,290.6029968261719,135.04495239257812,391.4386901855469
182,1024,0.8222666382789612,420.87701416015625,233.84539794921875,405.26898193359375,144.79299926757812,436.4850158691406,233.84539794921875
182,1003,0.39301198720932007,68.73792266845703,149.17776489257812,56.462730407714844,94.63761901855469,81.01311492919922,149.17776489257812
182,915,0.370710164308548,138.64178466796875,418.2762451171875,117.66134643554688,291.9595642089844,159.6222381591797,418.2762451171875
182,1013,0.900580644607544,404.0316467285156,373.6473388671875,382.6143798828125,260.8973083496094,425.44891357421875,373.6473388671875
183,1016,0.7520601153373718,461.82763671875,209.29937744140625,444.7899475097656,131.04469299316406,478.8653259277344,209.29937744140625
183,873,0.5650873184204102,117.89701843261719,389.0525817871094,101.24407958984375,288.96044921875,134.54995727539062,389.0525817871094
183,1024,0.754112184047699,419.0487976074219,210.90863037109375,404.2775573730469,127.04109954833984,433.8200378417969,210.90863037109375
183,915,0.6605735421180725,144.42568969726562,418.75592041015625,124.66690063476562,296.5601806640625,164.18446350097656,418.75592041015625
183,1032,0.7519657611846924,31.36780548095703,329.67205810546875,10.380630493164062,222.2003173828125,52.35498046875,329.67205810546875
183,1033,0.6459144353866577,171.6985626220703,143.05352783203125,162.48902893066406,88.28839874267578,180.90809631347656,143.05352783203125
183,468,0.46150580048561096,174.75518798828125,475.1865539550781,153.46934509277344,358.0647888183594,196.041015625,475.1865539550781
184,1016,0.7456874251365662,460.848388671875,190.71685791015625,444.69342041015625,116.40776824951172,477.0033874511719,190.71685791015625
184,873,0.725277304649353,123.69775390625,383.6075439453125,107.32103729248047,286.7346496582031,140.074462890625,383.6075439453125
184,1024,0.6337060928344727,421.8595275878906,193.72532653808594,407.6390075683594,113.2132797241211,436.0800476074219,193.72532653808594
184,1033,0.6360335946083069,168.4529571533203,156.88034057617188,158.49026489257812,97.59661865234375,178.4156494140625,156.88034057617188
184,468,0.872252345085144,164.18429565429688,478.4637756347656,142.27040100097656,359.6745910644531,186.0981903076172,478.4637756347656
184,423,0.7641684412956238,146.97579956054688,153.33627319335938,134.9507598876953,91.47369384765625,159.00082397460938,153.33627319335938
185,1016,0.6835507154464722,462.3791198730469,175.04026794433594,447.0097351074219,104.32328033447266,477.7485046386719,175.04026794433594
185,1024,0.736674427986145,422.6802062988281,176.84661865234375,409.3171691894531,101.52869415283203,436.0432434082031,176.84661865234375
185,1033,0.660606324672699,168.08233642578125,173.7196807861328,157.43569946289062,110.50308227539062,178.7289581298828,173.7196807861328
185,1044,0.7651088833808899,104.630615234375,266.35577392578125,85.7210922241211,165.42080688476562,123.54013061523438,266.35577392578125
185,1046,0.809977114200592,213.75747680664062,266.3476257324219,187.09889221191406,195.740234375,240.4160614013672,266.3476257324219
185,1023,0.8893566727638245,502.0073547363281,385.7484436035156,479.6365966796875,264.49005126953125,524.3781127929688,385.7484436035156
185,915,0.6421287059783936,148.60293579101562,400.33251953125,130.84225463867188,288.8622131347656,166.36363220214844,400.33251953125
186,1016,0.6566613912582397,458.26495361328125,160.4683837890625,444.1646728515625,95.09471130371094,472.3652648925781,160.4683837890625
186,1024,0.7183309197425842,423.6550598144531,163.03598022460938,411.0036315917969,92.01715850830078,436.3064880371094,163.03598022460938
186,1033,0.5299908518791199,166.01327514648438,183.5708770751953,155.9659881591797,124.0941390991211,176.06056213378906,183.5708770751953
186,1044,0.6492824554443359,102.935302734375,241.81866455078125,86.17889404296875,152.05584716796875,119.69170379638672,241.81866455078125
186,1046,0.7092315554618835,204.15231323242188,262.17303466796875,171.5608673095703,175.1466827392578,236.74374389648438,262.17303466796875
187,1016,0.6685498356819153,448.8848571777344,148.41505432128906,435.354736328125,85.26504516601562,462.41497802734375,148.41505432128906
187,1024,0.6242416501045227,417.8310546875,150.57177734375,405.69464111328125,83.14967346191406,429.9674377441406,150.57177734375
187,1033,0.6517289280891418,165.02883911132812,223.14471435546875,151.33795166015625,142.04798889160156,178.71974182128906,223.14471435546875
187,1057,0.6222969889640808,123.24697875976562,222.59909057617188,108.3952407836914,135.38937377929688,138.0987091064453,222.59909057617188
187,1061,0.5794700384140015,498.04791259765625,145.16387939453125,485.49102783203125,78.26895141601562,510.60479736328125,145.16387939453125
187,423,0.6736004948616028,148.99526977539062,141.81182861328125,137.76791381835938,81.610107421875,160.22262573242188,141.81182861328125
188,1016,0.698173999786377,438.80242919921875,139.0062713623047,425.66522216796875,77.60226440429688,451.9396057128906,139.0062713623047
188,1024,0.5468544363975525,411.4796142578125,139.73519897460938,399.723876953125,74.30708312988281,423.2353210449219,139.73519897460938
188,1033,0.6823812127113342,171.85049438476562,234.45213317871094,157.67454528808594,151.57081604003906,186.0264434814453,234.45213317871094
188,1057,0.583829939365387,127.45756530761719,206.7157745361328,113.50419616699219,124.87100982666016,141.4109344482422,206.7157745361328
189,1016,0.6281129717826843,429.1185302734375,128.8553924560547,416.60467529296875,70.2532958984375,441.6323547363281,128.8553924560547
189,1057,0.6448067426681519,131.10289001464844,187.2525177001953,118.27932739257812,112.35286712646484,143.92645263671875,187.2525177001953
189,1071,0.6364609003067017,531.803955078125,205.3419952392578,517.4774169921875,124.70332336425781,546.1304931640625,205.3419952392578
189,468,0.8243483304977417,141.89337158203125,479.7857666015625,120.56544494628906,367.58270263671875,163.22128295898438,479.7857666015625
190,1057,0.5868690609931946,129.6671600341797,172.64590454101562,117.56571197509766,102.00192260742188,141.76861572265625,172.64590454101562
190,1079,0.48753470182418823,201.23399353027344,171.72021484375,189.3300018310547,102.75188446044922,213.1379852294922,171.72021484375
190,1080,0.7175273299217224,178.78921508789062,183.9893798828125,163.70596313476562,111.68184661865234,193.87245178222656,183.9893798828125
190,468,0.8597618937492371,121.28189086914062,480.0,97.4706039428711,354.94366455078125,145.0931854248047,480.0
190,1061,0.4935802221298218,496.23223876953125,154.8659210205078,483.4178466796875,85.96479034423828,509.0466613769531,154.8659210205078
190,423,0.6665052771568298,150.09701538085938,172.79234313964844,135.66566467285156,92.95285034179688,164.52838134765625,172.79234313964844
190,1024,0.5388278365135193,408.3114013671875,119.34503936767578,398.22412109375,64.65272521972656,418.3987121582031,119.34503936767578
191,1057,0.6223428845405579,127.57733154296875,166.18455505371094,116.23235321044922,99.81795501708984,138.92230224609375,166.18455505371094
191,1079,0.7464732527732849,204.3717041015625,187.29067993164062,191.2826690673828,111.55852508544922,217.46072387695312,187.29067993164062
191,468,0.8691269159317017,121.42315673828125,477.4327697753906,96.33305358886719,343.46063232421875,146.5132598876953,477.4327697753906
191,1087,0.7684749960899353,99.2830810546875,357.4693298339844,81.52786254882812,260.8951721191406,117.03829193115234,357.4693298339844
191,1061,0.6212593913078308,487.57550048828125,162.1082763671875,473.9702453613281,89.23958587646484,501.1807861328125,162.1082763671875
191,423,0.7385587692260742,153.60855102539062,171.87368774414062,140.40536499023438,99.28718566894531,166.8117218017578,171.87368774414062
192,1079,0.8095777034759521,198.39154052734375,210.39390563964844,183.93099975585938,126.9669418334961,212.85208129882812,210.39390563964844
192,468,0.8074088096618652,121.28765869140625,479.1051330566406,96.90837860107422,348.59307861328125,145.6669464111328,479.1051330566406
192,1088,0.8228633999824524,434.8956298828125,205.9042510986328,419.47186279296875,120.65300750732422,450.3194274902344,205.9042510986328
192,1032,0.7065749764442444,44.4196891784668,351.7210998535156,24.195466995239258,252.91981506347656,64.64391326904297,351.7210998535156
193,1079,0.8395971059799194,190.796142578125,237.62899780273438,175.25668334960938,148.2039337158203,206.33560180664062,237.62899780273438
193,468,0.8931578397750854,123.29666137695312,479.44427490234375,100.35862731933594,358.677978515625,146.2346954345703,479.44427490234375
193,1088,0.8088922500610352,439.12646484375,225.0565185546875,422.7169494628906,134.0102996826172,455.5360107421875,225.0565185546875
193,1032,0.7948988676071167,47.83001708984375,330.1522216796875,27.401569366455078,231.5790252685547,68.25846099853516,330.1522216796875
193,1003,0.4349217116832733,69.30557250976562,147.97422790527344,57.32514190673828,94.51840209960938,81.28599548339844,147.97422790527344
193,1071,0.7673433423042297,523.8970336914062,185.63169860839844,509.87164306640625,106.56459045410156,537.9224243164062,185.63169860839844
193,1087,0.8239718675613403,96.96102905273438,324.2828369140625,79.41131591796875,229.43960571289062,114.5107421875,324.2828369140625
194,468,0.8533948063850403,111.79610443115234,479.817138671875,90.01573181152344,368.5028381347656,133.57647705078125,479.817138671875
194,1088,0.7778341770172119,451.1212158203125,248.59121704101562,433.3653259277344,149.84567260742188,468.8771057128906,248.59121704101562
194,1102,0.8836184740066528,474.2862548828125,479.94329833984375,428.75762939453125,340.5589599609375,519.8148803710938,479.94329833984375
194,1103,0.8639506101608276,521.8313598632812,479.94146728515625,474.050537109375,355.9689636230469,569.6121826171875,479.94146728515625
194,1106,0.6088398098945618,480.9180908203125,244.0328369140625,465.1253662109375,158.6322784423828,496.7108459472656,244.0328369140625
194,1107,0.369333952665329,183.7822265625,98.22107696533203,175.51084899902344,42.88507843017578,192.0535888671875,98.22107696533203
194,1071,0.673115611076355,529.2593994140625,192.00869750976562,515.315673828125,113.13701629638672,543.2031860351562,192.00869750976562
194,1087,0.5529022216796875,93.3517837524414,291.02569580078125,76.30966186523438,199.1954345703125,110.39390563964844,291.02569580078125
194,690,0.8173266649246216,413.5528564453125,320.9310607910156,392.9617614746094,209.44931030273438,434.14398193359375,320.9310607910156
194,1033,0.8105466961860657,174.2506103515625,285.49017333984375,157.8909149169922,190.9038543701172,190.61032104492188,285.49017333984375
195,1088,0.8114883899688721,453.4004211425781,272.345458984375,434.690673828125,168.78387451171875,472.11016845703125,272.345458984375
195,1102,0.8618959188461304,487.7320861816406,445.99713134765625,441.81768798828125,304.04400634765625,533.646484375,445.99713134765625
195,1103,0.8632086515426636,532.4053344726562,448.41558837890625,482.57415771484375,317.8077087402344,582.2365112304688,448.41558837890625
195,1107,0.413626104593277,184.00827026367188,97.97850036621094,175.7222137451172,42.41481399536133,192.2943115234375,97.97850036621094
195,1071,0.6199445724487305,532.8407592773438,202.262939453125,518.5127563476562,120.68102264404297,547.1687622070312,202.262939453125
195,733,0.8517560362815857,416.030029296875,368.9742126464844,392.66912841796875,250.61996459960938,439.3909606933594,368.9742126464844
195,1023,0.6592646241188049,498.8895263671875,284.12591552734375,485.5506286621094,213.79168701171875,512.2284545898438,284.12591552734375
195,1046,0.8187744617462158,162.68161010742188,253.29527282714844,132.79144287109375,170.29835510253906,192.57179260253906,253.29527282714844
196,1071,0.7207896709442139,527.0947875976562,218.65806579589844,512.0543212890625,132.86801147460938,542.13525390625,218.65806579589844
196,1113,0.8389586806297302,140.80067443847656,479.7180480957031,112.15768432617188,374.05841064453125,169.44366455078125,479.7180480957031
196,1046,0.7911917567253113,154.97772216796875,235.74044799804688,126.6656723022461,153.75991821289062,183.28976440429688,235.74044799804688
196,1013,0.8314881324768066,421.8828125,451.42919921875,396.35400390625,313.1357421875,447.4115905761719,451.42919921875
196,1057,0.42224347591400146,132.4115753173828,97.9204330444336,124.13587188720703,51.60649871826172,140.68728637695312,97.9204330444336
196,1106,0.6898293495178223,481.16448974609375,290.4626770019531,463.8914794921875,197.01425170898438,498.4375305175781,290.4626770019531
197,1113,0.8740672469139099,129.38108825683594,479.9271240234375,97.30266571044922,361.0915832519531,161.45950317382812,479.9271240234375
197,1106,0.7559577822685242,474.135009765625,321.1195373535156,455.8497009277344,222.1831817626953,492.4203186035156,321.1195373535156
197,423,0.7960938215255737,166.24850463867188,206.24864196777344,151.8251953125,129.871337890625,180.6717987060547,206.24864196777344
197,1107,0.3893037736415863,180.25662231445312,99.3067855834961,171.96102905273438,44.407920837402344,188.55221557617188,99.3067855834961
197,733,0.8189533352851868,429.23516845703125,339.3752136230469,406.1926574707031,219.45851135253906,452.27764892578125,339.3752136230469
197,1023,0.797838032245636,502.85797119140625,252.9268035888672,485.5823669433594,159.9318389892578,520.1336059570312,252.9268035888672
198,1106,0.8353526592254639,477.31756591796875,356.56951904296875,457.908447265625,251.5420684814453,496.7266540527344,356.56951904296875
198,1131,0.785354733467102,580.5092163085938,310.2367858886719,556.5957641601562,201.14320373535156,604.4226684570312,310.2367858886719
198,1132,0.8943398594856262,543.3779296875,308.5624084472656,522.8444213867188,190.93312072753906,563.911376953125,308.5624084472656
198,1107,0.38746270537376404,179.63011169433594,98.40022277832031,171.30191040039062,43.550106048583984,187.95831298828125,98.40022277832031
198,733,0.7322772741317749,429.32171630859375,354.1877136230469,406.54705810546875,232.54273986816406,452.0964050292969,354.1877136230469
198,1023,0.7561712265014648,500.8900146484375,266.34515380859375,482.47698974609375,166.38018798828125,519.3030395507812,266.34515380859375
198,1080,0.6333677172660828,185.8763885498047,190.82530212402344,170.68328857421875,117.6268310546875,201.06948852539062,190.82530212402344
198,468,0.8702273368835449,103.26382446289062,474.26947021484375,77.57630157470703,340.9824523925781,128.9513397216797,474.26947021484375
199,1131,0.7566016912460327,574.0703125,280.3542785644531,551.4641723632812,176.8870391845703,596.676513671875,280.3542785644531
199,1132,0.8098394870758057,541.7837524414062,279.3905944824219,522.7029418945312,169.94435119628906,560.8645629882812,279.3905944824219
199,1080,0.7509653568267822,197.06495666503906,180.93235778808594,182.41445922851562,110.84412384033203,211.7154541015625,180.93235778808594
199,1102,0.8200306296348572,497.1997985839844,402.74566650390625,460.2913818359375,285.7720947265625,534.1082153320312,402.74566650390625
199,1013,0.6695588827133179,422.15625,416.738037109375,397.4101257324219,280.17071533203125,446.90234375,416.738037109375
199,1113,0.8201066255569458,121.58180236816406,472.87261962890625,85.98893737792969,338.7851257324219,157.17466735839844,472.87261962890625
